Model,Remaining Features,Dropped Feature,R^2 (mean),R^2 (std),MAE (mean),MAE (std),MSE (mean),MSE (std),RMSE (mean),MAPE (mean),Accuracy (%),Training Time (s)
Linear Regression,45,PGV_H,-0.780142067,0.879269926,0.610622891,0.216339828,1.302063627,1.137427428,1.141080027,8.605329807,85.47297297,9.182649612
Ridge Regression,45,PGV_H,0.343846821,0.090219236,0.48463561,0.085988953,0.420598485,0.172065949,0.648535647,7.035578822,87.5,1.387217522
Bayesian Ridge,45,PGV_H,-0.123775572,0.510361679,0.520999052,0.128666951,0.822922604,0.673742826,0.907150817,7.4313014,85.47297297,0.026001215
Lasso Regression,45,PGV_H,0.365337505,0.113733239,0.510834028,0.127053047,0.425940948,0.247172553,0.652641515,7.381963834,87.5,0.025001287
Elastic Net,45,PGV_H,0.387117335,0.104659472,0.488769815,0.109236796,0.405297945,0.218487883,0.636630148,7.067702733,88.51351351,0.025000811
Orthogonal Matching Pursuit,45,PGV_H,0.250569627,0.230400261,0.49750932,0.121960591,0.503063028,0.333971911,0.709269362,7.180607152,86.82432432,0.024429798
k-Nearest Neighbors Regressor,45,PGV_H,0.460098388,0.118806496,0.413107345,0.161262534,0.365138983,0.22195449,0.604267311,6.029869155,90.54054054,0.3170681
Decision Tree Regressor,45,PGV_H,0.022639739,0.392876415,0.42480226,0.134226207,0.586497175,0.229406667,0.765831036,6.139398327,93.24324324,0.165377378
Random Forest Regressor,45,PGV_H,0.584883707,0.125772076,0.367855367,0.094254588,0.260229579,0.111092556,0.510127023,5.388939162,93.24324324,0.711312771
Extra Trees Regressor,45,PGV_H,0.587716807,0.096782969,0.36299548,0.09084591,0.256286113,0.094475357,0.506247087,5.339594058,91.89189189,0.274644375
Gradient Boosting Regressor,45,PGV_H,0.562662732,0.155160193,0.346127169,0.124615544,0.279631025,0.14690968,0.528801499,5.057810531,91.89189189,5.016146421
AdaBoost Regressor,45,PGV_H,0.485712942,0.148666435,0.484911393,0.07065343,0.318162307,0.125561254,0.56405878,7.31164549,92.22972973,0.219741106
XGBoost Regressor,45,PGV_H,0.579246032,0.127350433,0.345669269,0.09361056,0.26370949,0.112804302,0.513526523,5.029446987,92.56756757,1.456899881
LightGBM Regressor,45,PGV_H,0.558834611,0.178736739,0.367263847,0.080608603,0.265772545,0.09592271,0.515531323,5.387312704,93.58108108,1.007611513
Linear Regression,44,PGA_H,-0.676606439,0.768734708,0.607232164,0.210238961,1.199195695,0.96888081,1.09507794,8.564865874,84.7972973,0.02350831
Ridge Regression,44,PGA_H,0.345163095,0.089778553,0.484304274,0.085752986,0.419789763,0.171642375,0.647911848,7.030872111,87.5,0.02699995
Bayesian Ridge,44,PGA_H,-0.112125477,0.501606188,0.518519724,0.125189662,0.81118007,0.654385716,0.900655356,7.398448316,85.47297297,0.024514437
Lasso Regression,44,PGA_H,0.365337686,0.113733175,0.510834061,0.127053033,0.425940867,0.247172594,0.652641454,7.381964342,87.5,0.024093628
Elastic Net,44,PGA_H,0.387852338,0.104097325,0.488472652,0.109127601,0.404878882,0.218309537,0.636300936,7.063420251,88.51351351,0.025018215
Orthogonal Matching Pursuit,44,PGA_H,0.250569627,0.230400261,0.49750932,0.121960591,0.503063028,0.333971911,0.709269362,7.180607152,86.82432432,0.023999453
k-Nearest Neighbors Regressor,44,PGA_H,0.450955724,0.118377149,0.415129944,0.161856463,0.370131073,0.222652814,0.608383985,6.060837623,90.2027027,0.125840664
Decision Tree Regressor,44,PGA_H,0.085473123,0.308807422,0.401355932,0.105152521,0.562711864,0.234952182,0.75014123,5.835076148,93.24324324,0.024502277
Random Forest Regressor,44,PGA_H,0.579539658,0.120908725,0.367241808,0.099650984,0.26639024,0.120992883,0.516130061,5.363299684,92.22972973,0.452297449
Extra Trees Regressor,44,PGA_H,0.586271396,0.103409567,0.361564972,0.083156318,0.255412282,0.090621313,0.505383303,5.318566334,93.58108108,0.231566668
Gradient Boosting Regressor,44,PGA_H,0.573940985,0.149033109,0.339320261,0.120499017,0.272335091,0.143574061,0.521857347,4.941477983,91.89189189,4.738790035
AdaBoost Regressor,44,PGA_H,0.501624822,0.191472729,0.472732566,0.071882182,0.299447166,0.108540525,0.547217659,7.177378623,94.25675676,0.245907307
XGBoost Regressor,44,PGA_H,0.599359059,0.114993403,0.338404479,0.104166208,0.253850033,0.118095191,0.503835324,4.912887434,92.22972973,1.327912092
LightGBM Regressor,44,PGA_H,0.571914654,0.143642719,0.362469663,0.081581125,0.263814392,0.102032414,0.513628652,5.314294357,92.56756757,0.453009367
Linear Regression,43,EPV,-0.649871257,0.81435284,0.600776011,0.214730092,1.18955518,0.986851298,1.090667309,8.476741789,85.13513514,0.024002314
Ridge Regression,43,EPV,0.345886346,0.088865762,0.484170635,0.085976251,0.419422114,0.171535852,0.647628068,7.029046271,87.5,0.024502039
Bayesian Ridge,43,EPV,-0.121933807,0.51755741,0.519546968,0.127228348,0.821498252,0.670120882,0.906365408,7.409549268,85.47297297,0.024000406
Lasso Regression,43,EPV,0.365337686,0.113733175,0.510834061,0.127053033,0.425940867,0.247172594,0.652641454,7.381964342,87.5,0.025000095
Elastic Net,43,EPV,0.387852338,0.104097325,0.488472652,0.109127601,0.404878882,0.218309537,0.636300936,7.063420251,88.51351351,0.025001526
Orthogonal Matching Pursuit,43,EPV,0.250569627,0.230400261,0.49750932,0.121960591,0.503063028,0.333971911,0.709269362,7.180607152,86.82432432,0.013000488
k-Nearest Neighbors Regressor,43,EPV,0.449312736,0.109506834,0.416508475,0.157643068,0.369642938,0.214934565,0.607982679,6.0871139,90.2027027,0.025999308
Decision Tree Regressor,43,EPV,0.067277327,0.286715061,0.424971751,0.114681417,0.566327684,0.197961974,0.752547463,6.178276491,94.25675676,0.025998592
Random Forest Regressor,43,EPV,0.583617041,0.114532012,0.365561582,0.093574594,0.261534605,0.110283244,0.511404541,5.339654387,92.90540541,0.428635597
Extra Trees Regressor,43,EPV,0.603602301,0.089900614,0.350861017,0.07738616,0.244101107,0.078247317,0.494065894,5.162014693,94.59459459,0.209719896
Gradient Boosting Regressor,43,EPV,0.56688362,0.168556839,0.341070684,0.120318109,0.274233053,0.140667289,0.523672658,4.971108263,92.22972973,4.538274765
AdaBoost Regressor,43,EPV,0.495635052,0.162901216,0.466625228,0.076243379,0.310237298,0.123791366,0.556989496,7.044988286,92.56756757,0.225719929
XGBoost Regressor,43,EPV,0.579585922,0.132312532,0.344497868,0.091952524,0.26302562,0.113409935,0.512860235,4.994420402,91.21621622,1.270426035
LightGBM Regressor,43,EPV,0.559042548,0.169352521,0.369349048,0.083325149,0.267207511,0.097859889,0.516921184,5.423251684,92.56756757,0.431167364
Linear Regression,42,sa3.0,-0.966398874,1.143935182,0.61904235,0.201657057,1.37236781,1.056340848,1.171481033,8.722186923,84.45945946,0.025600672
Ridge Regression,42,sa3.0,0.336480518,0.095681301,0.486770034,0.085947684,0.42321379,0.16643705,0.650548838,7.06596017,87.16216216,0.025002241
Bayesian Ridge,42,sa3.0,-0.176310153,0.570149999,0.524299228,0.131114496,0.866800422,0.724720029,0.931021172,7.479440241,86.14864865,0.024000883
Lasso Regression,42,sa3.0,0.360425128,0.125337106,0.514544481,0.129755639,0.429663421,0.254886287,0.655487163,7.431276984,87.16216216,0.023997068
Elastic Net,42,sa3.0,0.377880956,0.110838547,0.492871333,0.113528595,0.411642545,0.224263223,0.641593754,7.122927143,88.17567568,0.012999058
Orthogonal Matching Pursuit,42,sa3.0,0.2029728,0.30164044,0.50611099,0.136795429,0.557305887,0.443658111,0.746529227,7.289703995,86.82432432,0.024999857
k-Nearest Neighbors Regressor,42,sa3.0,0.443721794,0.134610914,0.421853107,0.167272183,0.377066667,0.236629129,0.614057543,6.167417417,90.2027027,0.024996996
Decision Tree Regressor,42,sa3.0,-0.096129089,0.417745346,0.471299435,0.249877598,0.739661017,0.538342653,0.860035474,6.650176963,90.54054054,0.02499938
Random Forest Regressor,42,sa3.0,0.57396634,0.131422428,0.372219774,0.100552931,0.269794531,0.125337466,0.519417492,5.445831993,93.58108108,0.439109564
Extra Trees Regressor,42,sa3.0,0.593486912,0.093968589,0.360586441,0.08295182,0.250576972,0.083749271,0.500576639,5.314222705,93.91891892,0.230536938
Gradient Boosting Regressor,42,sa3.0,0.547205905,0.174236148,0.352657559,0.135970862,0.293635679,0.172433642,0.541881609,5.13548801,91.89189189,4.476291418
AdaBoost Regressor,42,sa3.0,0.51514686,0.150400551,0.457394125,0.076181557,0.297401998,0.114296579,0.54534576,6.87076198,92.22972973,0.329736233
XGBoost Regressor,42,sa3.0,0.575305367,0.121814202,0.345591707,0.111688386,0.271317851,0.134062656,0.520881801,4.988799674,91.89189189,1.25284481
LightGBM Regressor,42,sa3.0,0.539608861,0.167952399,0.38098733,0.080582192,0.276539513,0.090066312,0.525870243,5.604558168,92.22972973,0.123879194
Linear Regression,41,sa2.8,-1.004589795,1.332066889,0.610109762,0.206095708,1.408942807,1.141780919,1.186988967,8.587638921,84.45945946,0.025639296
Ridge Regression,41,sa2.8,0.325226642,0.103079307,0.489228399,0.085652669,0.429223854,0.165873429,0.655151779,7.101744795,86.48648649,0.025474548
Bayesian Ridge,41,sa2.8,-0.145156453,0.529389438,0.513440969,0.108629453,0.821507127,0.628003965,0.906370303,7.351047206,86.82432432,0.027077675
Lasso Regression,41,sa2.8,0.354694378,0.132634275,0.517499319,0.133918084,0.434608473,0.262824915,0.659248416,7.471131215,87.5,0.024999142
Elastic Net,41,sa2.8,0.367951034,0.118159318,0.498690295,0.122997858,0.419732065,0.234679202,0.647867321,7.199045953,86.82432432,0.024474621
Orthogonal Matching Pursuit,41,sa2.8,0.289763347,0.192749125,0.503352528,0.12990094,0.459086195,0.247533665,0.677558997,7.260965577,86.48648649,0.014000654
k-Nearest Neighbors Regressor,41,sa2.8,0.434816276,0.151626484,0.42859887,0.170136942,0.384323164,0.244735785,0.619938032,6.257507508,90.54054054,0.023997307
Decision Tree Regressor,41,sa2.8,-0.052732367,0.450711985,0.481468927,0.248766859,0.716045198,0.539381771,0.846194539,6.884116259,92.22972973,0.024998188
Random Forest Regressor,41,sa2.8,0.544942008,0.137179387,0.388807627,0.10613323,0.287730733,0.132063969,0.536405381,5.694407577,92.56756757,0.44998312
Extra Trees Regressor,41,sa2.8,0.551746313,0.113808211,0.377829379,0.097643096,0.279410531,0.10846287,0.528592973,5.558203293,91.55405405,0.231449842
Gradient Boosting Regressor,41,sa2.8,0.528330571,0.183502982,0.367310126,0.149875598,0.31266657,0.202887253,0.559165959,5.350036097,90.2027027,4.339972258
AdaBoost Regressor,41,sa2.8,0.503380183,0.153412792,0.47799854,0.075144657,0.303746056,0.111516884,0.551131614,7.211305093,92.22972973,0.198095083
XGBoost Regressor,41,sa2.8,0.568637407,0.103510547,0.362602098,0.096619492,0.274327407,0.123063088,0.523762739,5.285651907,92.90540541,1.059790134
LightGBM Regressor,41,sa2.8,0.539538889,0.148109863,0.381853412,0.085590685,0.281687236,0.096845908,0.530742156,5.602393885,92.90540541,0.136546373
Linear Regression,40,I_v_r,-1.452435851,1.689419713,0.641327335,0.222234451,1.76295886,1.502020504,1.32776461,9.038428276,82.77027027,0.02499938
Ridge Regression,40,I_v_r,0.325186898,0.102351207,0.489354594,0.086288324,0.429822748,0.167523244,0.655608685,7.103211296,86.48648649,0.0259974
Bayesian Ridge,40,I_v_r,-0.148556707,0.533904742,0.513817165,0.10969646,0.824205112,0.631287241,0.907857429,7.355234467,86.82432432,0.025998116
Lasso Regression,40,I_v_r,0.354866135,0.132597981,0.517444069,0.133940227,0.434537122,0.262866962,0.659194298,7.470271819,87.5,0.025037527
Elastic Net,40,I_v_r,0.368173225,0.118084462,0.498624766,0.123018369,0.419639765,0.234734509,0.647796083,7.198087354,86.82432432,0.025000334
Orthogonal Matching Pursuit,40,I_v_r,0.304730847,0.180055242,0.496811489,0.132106604,0.452713605,0.249687834,0.672839955,7.16328045,86.14864865,0.025999308
k-Nearest Neighbors Regressor,40,I_v_r,0.426846909,0.154419815,0.431954802,0.173114106,0.390888136,0.252786618,0.625210473,6.306574432,89.86486486,0.025000095
Decision Tree Regressor,40,I_v_r,0.088730669,0.4180031,0.407175141,0.238079096,0.648305085,0.556864142,0.805173947,5.672190047,91.89189189,0.026002169
Random Forest Regressor,40,I_v_r,0.546115123,0.13433495,0.384866102,0.098738908,0.284712356,0.123770542,0.533584441,5.631438358,92.56756757,0.516363144
Extra Trees Regressor,40,I_v_r,0.559231349,0.110202633,0.370522034,0.088752823,0.270590395,0.089740579,0.52018304,5.450001341,92.22972973,0.197387218
Gradient Boosting Regressor,40,I_v_r,0.538373727,0.172818293,0.363575386,0.143896115,0.305740101,0.196243268,0.552937701,5.286834504,90.54054054,4.193798304
AdaBoost Regressor,40,I_v_r,0.512269062,0.184169677,0.460933709,0.061812723,0.287265384,0.085251037,0.53597144,6.971615569,93.91891892,0.208134651
XGBoost Regressor,40,I_v_r,0.558878684,0.121075411,0.359485366,0.11068564,0.283592837,0.140664621,0.532534353,5.211279353,91.55405405,1.060140371
LightGBM Regressor,40,I_v_r,0.505649353,0.211332684,0.388728905,0.099116502,0.296339323,0.109625148,0.544370575,5.699403842,91.89189189,0.11551404
Linear Regression,39,sa1.8,-1.480726622,1.66656075,0.639708391,0.215238135,1.759987754,1.450079465,1.326645301,9.013685629,82.77027027,0.022556305
Ridge Regression,39,sa1.8,0.335072509,0.092979264,0.488379058,0.086829787,0.423699789,0.165817879,0.65092226,7.091858448,86.48648649,0.024998426
Bayesian Ridge,39,sa1.8,-0.14087779,0.526164131,0.513525663,0.110763779,0.821476202,0.635218697,0.906353243,7.352276235,86.82432432,0.024999142
Lasso Regression,39,sa1.8,0.354866133,0.132597983,0.517444069,0.133940228,0.434537124,0.262866965,0.659194299,7.470271826,87.5,0.012999296
Elastic Net,39,sa1.8,0.368173299,0.118084389,0.498624719,0.123018292,0.419639687,0.234734372,0.647796023,7.198086759,86.82432432,0.044000387
Orthogonal Matching Pursuit,39,sa1.8,0.312719089,0.160517061,0.505666157,0.131003149,0.454867075,0.263551381,0.674438341,7.274163619,86.14864865,0.025999784
k-Nearest Neighbors Regressor,39,sa1.8,0.418626252,0.156807172,0.434655367,0.173182396,0.395464407,0.255029531,0.628859608,6.348804161,89.18918919,0.025000334
Decision Tree Regressor,39,sa1.8,-0.028400086,0.458113853,0.447740113,0.238953665,0.70920904,0.550689637,0.842145498,6.311668812,90.87837838,0.030510187
Random Forest Regressor,39,sa1.8,0.554765305,0.117784586,0.384543503,0.112878732,0.285142785,0.138710011,0.533987627,5.611700987,93.24324324,0.579931021
Extra Trees Regressor,39,sa1.8,0.558357657,0.115323348,0.377439548,0.100782668,0.275907842,0.111777448,0.525269304,5.548027939,92.56756757,0.252656221
Gradient Boosting Regressor,39,sa1.8,0.56826487,0.136421397,0.357770566,0.144092585,0.289179145,0.185284424,0.537753796,5.227339165,91.55405405,4.470026016
AdaBoost Regressor,39,sa1.8,0.480620783,0.163111013,0.472796139,0.055128697,0.310286173,0.08839514,0.557033368,7.137303627,92.56756757,0.230692863
XGBoost Regressor,39,sa1.8,0.549928308,0.127927763,0.36685362,0.106198224,0.284793862,0.129615449,0.533660812,5.353808634,93.24324324,1.014217615
LightGBM Regressor,39,sa1.8,0.535137953,0.158380037,0.379862018,0.084324237,0.282145407,0.09545097,0.531173613,5.590096766,91.89189189,0.114999771
Linear Regression,38,sa1.6,-1.351744,1.474401051,0.632532758,0.218500239,1.688065148,1.397545244,1.299255613,8.900834484,82.77027027,0.025998354
Ridge Regression,38,sa1.6,0.345218693,0.086876873,0.487543328,0.088367333,0.417471959,0.165365341,0.6461207,7.082021929,86.48648649,0.026000261
Bayesian Ridge,38,sa1.6,-0.12705646,0.505888585,0.512635708,0.112917648,0.814875434,0.637648344,0.902704511,7.337078929,86.48648649,0.025000572
Lasso Regression,38,sa1.6,0.354866133,0.132597984,0.51744407,0.133940228,0.434537124,0.262866965,0.659194299,7.470271828,87.5,0.025001049
Elastic Net,38,sa1.6,0.368173303,0.118084384,0.498624716,0.123018287,0.419639683,0.234734363,0.64779602,7.198086727,86.82432432,0.024002314
Orthogonal Matching Pursuit,38,sa1.6,0.312719089,0.160517061,0.505666157,0.131003149,0.454867075,0.263551381,0.674438341,7.274163619,86.14864865,0.025002003
k-Nearest Neighbors Regressor,38,sa1.6,0.413775104,0.155446276,0.436655367,0.177003457,0.399642938,0.257268632,0.632173187,6.375616688,89.52702703,0.025995493
Decision Tree Regressor,38,sa1.6,0.074798179,0.441718389,0.403841808,0.233882038,0.651751412,0.550634999,0.807311224,5.694980695,91.55405405,0.028995275
Random Forest Regressor,38,sa1.6,0.579766569,0.097303565,0.376299718,0.100700503,0.268789657,0.1230203,0.518449281,5.500288235,93.58108108,0.469945669
Extra Trees Regressor,38,sa1.6,0.589446128,0.078165524,0.365907345,0.098863903,0.258871593,0.102779838,0.508794254,5.400827166,93.58108108,0.210183859
Gradient Boosting Regressor,38,sa1.6,0.574027202,0.13049081,0.358049758,0.150068057,0.288813903,0.19352653,0.537414089,5.20649874,92.22972973,4.278881311
AdaBoost Regressor,38,sa1.6,0.489190269,0.150186668,0.475928779,0.062164745,0.307947276,0.093346635,0.554929974,7.15477665,93.58108108,0.199337006
XGBoost Regressor,38,sa1.6,0.585108876,0.100712925,0.360262674,0.119357971,0.268779428,0.135299896,0.518439416,5.235023109,93.24324324,1.038426399
LightGBM Regressor,38,sa1.6,0.540307674,0.161860136,0.381187721,0.089995606,0.281372698,0.1019,0.530445754,5.592699507,93.58108108,0.116000652
Linear Regression,37,I_ch,-1.237451694,1.448595275,0.612173703,0.206807023,1.62357327,1.37734106,1.274195146,8.551698776,84.12162162,0.026002169
Ridge Regression,37,I_ch,0.346090341,0.085929298,0.487538945,0.088667712,0.417058679,0.165525773,0.645800804,7.08201319,86.82432432,0.027001143
Bayesian Ridge,37,I_ch,-0.127154711,0.5078108,0.513347425,0.114677097,0.814426208,0.636090615,0.902455654,7.345016856,86.48648649,0.025001049
Lasso Regression,37,I_ch,0.354862472,0.132594299,0.517445794,0.133938924,0.434539379,0.262865878,0.659196009,7.470298249,87.5,0.024989605
Elastic Net,37,I_ch,0.368249878,0.11805837,0.498602909,0.123024786,0.419607668,0.234752613,0.647771308,7.197727861,86.82432432,0.026001692
Orthogonal Matching Pursuit,37,I_ch,0.312719089,0.160517061,0.505666157,0.131003149,0.454867075,0.263551381,0.674438341,7.274163619,86.14864865,0.014001369
k-Nearest Neighbors Regressor,37,I_ch,0.420618561,0.159967701,0.436644068,0.178443086,0.394497175,0.257721322,0.628090101,6.383124196,89.18918919,0.024999619
Decision Tree Regressor,37,I_ch,0.015501886,0.474756423,0.457740113,0.262575239,0.685423729,0.570432636,0.827903212,6.642803518,92.56756757,0.025998592
Random Forest Regressor,37,I_ch,0.582611185,0.090776151,0.371563277,0.095861928,0.264337048,0.111851218,0.514137188,5.438991447,93.58108108,0.475018263
Extra Trees Regressor,37,I_ch,0.564519502,0.087207877,0.380198305,0.101672545,0.276398232,0.116290762,0.525735895,5.598596364,92.90540541,0.221995831
Gradient Boosting Regressor,37,I_ch,0.581913791,0.124858626,0.353850077,0.145749316,0.282721526,0.183948146,0.531715644,5.155198629,92.56756757,4.00440073
AdaBoost Regressor,37,I_ch,0.492727461,0.174331479,0.475176573,0.086156312,0.312380727,0.132909836,0.558910303,7.141717004,92.56756757,0.356557369
XGBoost Regressor,37,I_ch,0.586799133,0.090529579,0.35736725,0.103684325,0.262308278,0.112609181,0.512160403,5.197532714,93.58108108,1.203246117
LightGBM Regressor,37,I_ch,0.549806136,0.132879847,0.374052609,0.092762623,0.278105592,0.100953703,0.527357177,5.474607732,92.56756757,0.160593271
Linear Regression,36,Dur_H595,-1.225726987,1.424581691,0.616990485,0.213467296,1.612024195,1.357288465,1.269655148,8.60785054,84.12162162,0.024025679
Ridge Regression,36,Dur_H595,0.346535618,0.085925983,0.487632311,0.088865416,0.416759579,0.165358933,0.64556919,7.084031506,86.82432432,0.025985479
Bayesian Ridge,36,Dur_H595,-0.125002046,0.504526813,0.511312738,0.110941299,0.808573281,0.619890161,0.899207029,7.313564924,86.82432432,0.024999619
Lasso Regression,36,Dur_H595,0.354863147,0.132594968,0.517445623,0.13393905,0.434538958,0.262866061,0.65919569,7.470295781,87.5,0.025994539
Elastic Net,36,Dur_H595,0.368249853,0.118058584,0.498602946,0.123024783,0.419607653,0.234752612,0.647771297,7.197728487,86.82432432,0.013006926
Orthogonal Matching Pursuit,36,Dur_H595,0.312719089,0.160517061,0.505666157,0.131003149,0.454867075,0.263551381,0.674438341,7.274163619,86.14864865,0.014001369
k-Nearest Neighbors Regressor,36,Dur_H595,0.435164747,0.145308741,0.429310734,0.163555465,0.380732203,0.235075109,0.61703501,6.275337838,90.2027027,0.026000023
Decision Tree Regressor,36,Dur_H595,-0.111311008,0.561909927,0.487853107,0.302905483,0.775988701,0.668318599,0.880902208,7.023541399,89.52702703,0.024676323
Random Forest Regressor,36,Dur_H595,0.560118627,0.106134433,0.382815537,0.094019264,0.276539722,0.112681972,0.525870442,5.605694981,92.90540541,0.453003883
Extra Trees Regressor,36,Dur_H595,0.572440037,0.103640923,0.369361017,0.093098653,0.265605689,0.099682714,0.515369469,5.443653475,92.56756757,0.246427059
Gradient Boosting Regressor,36,Dur_H595,0.562171612,0.123434941,0.364947958,0.145088463,0.295234463,0.187186384,0.543354822,5.312162292,92.22972973,3.888446093
AdaBoost Regressor,36,Dur_H595,0.494098132,0.150054655,0.474483974,0.060478324,0.30430454,0.090719594,0.551638052,7.144899196,93.24324324,0.188058853
XGBoost Regressor,36,Dur_H595,0.563373065,0.093859087,0.374555289,0.101837677,0.279212853,0.124380365,0.528405954,5.443533575,94.25675676,0.97145319
LightGBM Regressor,36,Dur_H595,0.54199965,0.142269828,0.380618047,0.083239263,0.280288438,0.096349205,0.52942274,5.573565683,91.89189189,0.115997314
Linear Regression,35,sa2.6,-1.100681853,1.385001078,0.602447802,0.200191516,1.484994322,1.198392186,1.218603431,8.425273582,84.7972973,0.023997784
Ridge Regression,35,sa2.6,0.33276046,0.091138196,0.491518166,0.090344023,0.425348957,0.16876404,0.652187823,7.1404554,86.82432432,0.02600193
Bayesian Ridge,35,sa2.6,-0.011195507,0.450942748,0.490051628,0.069559369,0.670033696,0.396095605,0.81855586,7.049403931,87.83783784,0.025998354
Lasso Regression,35,sa2.6,0.345232453,0.147411073,0.521078848,0.140739655,0.445126341,0.283512878,0.667177893,7.518824819,87.16216216,0.014999866
Elastic Net,35,sa2.6,0.356535262,0.125874654,0.502849849,0.12931588,0.429464677,0.247581439,0.655335545,7.25404961,86.82432432,0.013999462
Orthogonal Matching Pursuit,35,sa2.6,0.307516281,0.155420867,0.506435473,0.130295778,0.458107172,0.262032255,0.676836149,7.284229367,85.81081081,0.012998819
k-Nearest Neighbors Regressor,35,sa2.6,0.395670594,0.147904059,0.44480226,0.17110714,0.410736723,0.255220919,0.64088745,6.479649292,89.52702703,0.023998976
Decision Tree Regressor,35,sa2.6,0.118649608,0.337976604,0.420960452,0.201307641,0.575423729,0.351632627,0.758566891,6.016731017,93.58108108,0.025999069
Random Forest Regressor,35,sa2.6,0.541154148,0.108164597,0.393177401,0.101389754,0.291665924,0.130537656,0.540061037,5.748511905,92.22972973,0.420531988
Extra Trees Regressor,35,sa2.6,0.561866599,0.099734074,0.375850282,0.083721494,0.269699565,0.088192469,0.519326068,5.542155995,93.24324324,0.245002747
Gradient Boosting Regressor,35,sa2.6,0.525686435,0.154773702,0.377281973,0.145889474,0.31620484,0.202495167,0.56232094,5.491107245,91.21621622,4.0633564
AdaBoost Regressor,35,sa2.6,0.482800074,0.168063717,0.480566495,0.05470254,0.307560869,0.083998365,0.554581706,7.245420516,93.24324324,0.189062119
XGBoost Regressor,35,sa2.6,0.549842024,0.122694265,0.375015918,0.104961245,0.283539953,0.123603384,0.532484698,5.444032459,93.24324324,1.139415979
LightGBM Regressor,35,sa2.6,0.528792559,0.122624731,0.381335164,0.086034237,0.287960786,0.088975165,0.536619778,5.581239306,91.89189189,0.115512609
Linear Regression,34,Dur_UD575,-0.987808655,1.266847185,0.606731429,0.214942177,1.41268223,1.139082542,1.188563095,8.504715964,83.78378378,0.015000582
Ridge Regression,34,Dur_UD575,0.334075128,0.09031992,0.491209257,0.091145675,0.424859294,0.169293099,0.651812315,7.134865728,86.48648649,0.026000261
Bayesian Ridge,34,Dur_UD575,0.025415019,0.397978876,0.490230664,0.069078371,0.64882528,0.376349945,0.805496915,7.059541164,87.16216216,0.025999784
Lasso Regression,34,Dur_UD575,0.345232453,0.147411073,0.521078848,0.140739655,0.445126341,0.283512878,0.667177893,7.518824819,87.16216216,0.02400136
Elastic Net,34,Dur_UD575,0.356534923,0.125874746,0.502849847,0.129315881,0.429464817,0.247581355,0.655335652,7.254050694,86.82432432,0.015001535
Orthogonal Matching Pursuit,34,Dur_UD575,0.307516281,0.155420867,0.506435473,0.130295778,0.458107172,0.262032255,0.676836149,7.284229367,85.81081081,0.013000488
k-Nearest Neighbors Regressor,34,Dur_UD575,0.381511874,0.15565447,0.454214689,0.178029481,0.423322034,0.272170621,0.650632026,6.615588803,88.17567568,0.023998499
Decision Tree Regressor,34,Dur_UD575,-0.108280154,0.537080965,0.504745763,0.302414681,0.785875706,0.698092045,0.886496309,7.31780888,89.86486486,0.025999784
Random Forest Regressor,34,Dur_UD575,0.533143522,0.114680823,0.396008192,0.102441005,0.297991425,0.138228774,0.545885909,5.786357786,92.22972973,0.411227942
Extra Trees Regressor,34,Dur_UD575,0.570873609,0.09267597,0.378480791,0.089562602,0.269396356,0.105166605,0.51903406,5.581255363,92.90540541,0.20058012
Gradient Boosting Regressor,34,Dur_UD575,0.50781282,0.168235078,0.38578202,0.155584483,0.331059668,0.222672807,0.575377848,5.610231825,90.54054054,3.532426119
AdaBoost Regressor,34,Dur_UD575,0.464117653,0.176305806,0.483016995,0.059606441,0.319112888,0.091662806,0.564900777,7.314067403,92.90540541,0.177212715
XGBoost Regressor,34,Dur_UD575,0.557019794,0.087584579,0.37922232,0.104466012,0.283028399,0.125434294,0.532004134,5.526069247,92.22972973,0.992973328
LightGBM Regressor,34,Dur_UD575,0.545891879,0.148237267,0.37867882,0.090936246,0.279866404,0.106116134,0.529024011,5.550492849,92.90540541,0.104999542
Linear Regression,33,sa2.4,-0.979712876,1.601915624,0.572082854,0.132342387,1.295997483,1.070587948,1.138418852,8.10001044,84.7972973,0.024000168
Ridge Regression,33,sa2.4,0.314577233,0.097003317,0.496814777,0.092636435,0.437141614,0.174867295,0.661166858,7.216556042,86.14864865,0.025998354
Bayesian Ridge,33,sa2.4,0.037912845,0.506951101,0.491602999,0.056913922,0.601092576,0.341759517,0.775301603,7.084370454,87.5,0.025999784
Lasso Regression,33,sa2.4,0.298179676,0.165723792,0.538138256,0.152387359,0.478389192,0.31017822,0.691656845,7.752447173,85.81081081,0.024000406
Elastic Net,33,sa2.4,0.314809385,0.135864309,0.514875736,0.136629764,0.45831853,0.266800841,0.676992268,7.419724837,86.14864865,0.013998985
Orthogonal Matching Pursuit,33,sa2.4,0.280013033,0.12874689,0.509688183,0.127842551,0.475210456,0.254548716,0.689355101,7.306983784,84.7972973,0.024999142
k-Nearest Neighbors Regressor,33,sa2.4,0.336972706,0.166601279,0.463672316,0.177941492,0.449453107,0.283881545,0.67041264,6.749517375,87.83783784,0.025000572
Decision Tree Regressor,33,sa2.4,0.136989257,0.436763818,0.387909605,0.103317625,0.509152542,0.203789438,0.713549257,5.706376019,95.27027027,0.025996923
Random Forest Regressor,33,sa2.4,0.499011559,0.125873304,0.411408757,0.100602197,0.316680038,0.138531027,0.562743315,6.015011663,91.89189189,0.464554787
Extra Trees Regressor,33,sa2.4,0.526168363,0.107316195,0.39250226,0.093062079,0.29837735,0.12335798,0.546239279,5.781149453,92.56756757,0.201056719
Gradient Boosting Regressor,33,sa2.4,0.506658447,0.167618176,0.384510019,0.092402394,0.300212587,0.107918058,0.547916588,5.640606241,91.89189189,3.483793497
AdaBoost Regressor,33,sa2.4,0.420297789,0.225624638,0.502156191,0.066480591,0.34204096,0.107420121,0.584842679,7.611529554,90.87837838,0.188052654
XGBoost Regressor,33,sa2.4,0.503688335,0.139806074,0.391238357,0.089291052,0.304422778,0.108103376,0.551745211,5.706985615,92.22972973,1.022572994
LightGBM Regressor,33,sa2.4,0.506491744,0.170602583,0.392424203,0.073271333,0.296004378,0.084192411,0.544062844,5.790318595,92.22972973,0.11599803
Linear Regression,32,sa2.2,-1.17164999,1.991661207,0.583934152,0.132454609,1.405253172,1.286234443,1.185433748,8.237884555,84.45945946,0.023999691
Ridge Regression,32,sa2.2,0.306829868,0.102700482,0.499799306,0.092824742,0.441113872,0.175898311,0.66416404,7.263499591,86.14864865,0.025997639
Bayesian Ridge,32,sa2.2,-0.035086966,0.633335039,0.5007635,0.0582118,0.641576601,0.411302406,0.80098477,7.212087767,88.51351351,0.023998499
Lasso Regression,32,sa2.2,0.288159352,0.169224471,0.541527768,0.153542295,0.485208279,0.31563407,0.696568933,7.801629909,85.81081081,0.013826609
Elastic Net,32,sa2.2,0.282968013,0.140325181,0.524023848,0.142518466,0.480193159,0.279084654,0.69295971,7.540090619,85.81081081,0.01300025
Orthogonal Matching Pursuit,32,sa2.2,0.262668274,0.159419043,0.519271552,0.147586931,0.496667946,0.302598288,0.704746724,7.440629439,84.7972973,0.024882078
k-Nearest Neighbors Regressor,32,sa2.2,0.308917723,0.168375482,0.469774011,0.17496346,0.462329944,0.277785442,0.679948486,6.828882454,87.16216216,0.025999546
Decision Tree Regressor,32,sa2.2,0.009726971,0.416809749,0.408305085,0.082812526,0.583446328,0.197560176,0.763836584,5.940315315,93.24324324,0.027997255
Random Forest Regressor,32,sa2.2,0.485418447,0.131416391,0.413146893,0.103425971,0.324623749,0.144098202,0.569757623,6.030891382,91.89189189,0.430882215
Extra Trees Regressor,32,sa2.2,0.499268284,0.132073854,0.403127684,0.100382041,0.315462633,0.137892159,0.561660603,5.93007293,92.56756757,0.199002266
Gradient Boosting Regressor,32,sa2.2,0.506026699,0.181821116,0.381758543,0.092918624,0.300012952,0.111739144,0.547734381,5.590230078,92.90540541,3.507134676
AdaBoost Regressor,32,sa2.2,0.40998156,0.27233586,0.496463731,0.07659249,0.343441811,0.11770412,0.586039087,7.505922304,91.21621622,0.188615084
XGBoost Regressor,32,sa2.2,0.493072486,0.15409966,0.39374148,0.097597918,0.313881961,0.127998714,0.560251694,5.713373251,90.54054054,0.964503288
LightGBM Regressor,32,sa2.2,0.489988654,0.165833271,0.406599493,0.094713959,0.314285973,0.113022178,0.560612141,5.965986928,91.55405405,0.125502825
Linear Regression,31,Am03,-1.235530342,2.259518502,0.586958963,0.140668314,1.456984046,1.445303186,1.207055941,8.287167169,86.14864865,0.012514114
Ridge Regression,31,Am03,0.307757726,0.102525874,0.499558655,0.092497194,0.440451871,0.175318999,0.663665481,7.260018149,86.14864865,0.026000023
Bayesian Ridge,31,Am03,-0.039195028,0.641201208,0.501764934,0.058560096,0.644391494,0.41625609,0.802739992,7.228995473,88.17567568,0.026998758
Lasso Regression,31,Am03,0.288159541,0.169224407,0.541527799,0.153542282,0.485208194,0.315634108,0.696568873,7.801630544,85.81081081,0.023998499
Elastic Net,31,Am03,0.282968325,0.140324998,0.524023948,0.1425184,0.480193005,0.279084663,0.692959598,7.540092578,85.81081081,0.023500443
Orthogonal Matching Pursuit,31,Am03,0.262668274,0.159419043,0.519271552,0.147586931,0.496667946,0.302598288,0.704746724,7.440629439,84.7972973,0.013997793
k-Nearest Neighbors Regressor,31,Am03,0.312198613,0.166515405,0.467774011,0.170770323,0.458983051,0.273045829,0.677482879,6.806762119,87.83783784,0.023997784
Decision Tree Regressor,31,Am03,0.076451447,0.451551404,0.424519774,0.179273148,0.585649718,0.356764447,0.765277543,6.088454526,93.24324324,0.027513266
Random Forest Regressor,31,Am03,0.48885165,0.146367741,0.413183616,0.10265118,0.321999822,0.147374437,0.567450282,6.025579151,91.55405405,0.436235428
Extra Trees Regressor,31,Am03,0.497028197,0.127743782,0.403773446,0.086301384,0.309226322,0.105643854,0.556081219,5.950289575,92.90540541,0.211497307
Gradient Boosting Regressor,31,Am03,0.513825489,0.17700732,0.380004069,0.091247994,0.294638649,0.107315132,0.542806272,5.569353128,92.22972973,3.497201681
AdaBoost Regressor,31,Am03,0.415454299,0.247742549,0.502088783,0.0640933,0.338469607,0.09601518,0.581781408,7.577008733,91.55405405,0.178508997
XGBoost Regressor,31,Am03,0.488181555,0.154514969,0.396404445,0.086648975,0.31237279,0.108748549,0.558903202,5.774147553,91.21621622,0.942006588
LightGBM Regressor,31,Am03,0.497730526,0.160768065,0.400691321,0.097878704,0.309021054,0.115502983,0.555896622,5.879071529,91.55405405,0.115641356
Linear Regression,30,sa1.4,-0.585357136,1.121139313,0.547301534,0.113842348,1.022507574,0.753716604,1.011191166,7.778559402,85.81081081,0.012998581
Ridge Regression,30,sa1.4,0.323698603,0.104407886,0.497553923,0.094600881,0.430779886,0.177436215,0.65633824,7.236182674,86.48648649,0.025544643
Bayesian Ridge,30,sa1.4,0.175077708,0.272798252,0.488407611,0.0549408,0.502265493,0.181624772,0.708706916,7.062770106,88.51351351,0.027159929
Lasso Regression,30,sa1.4,0.288159541,0.169224407,0.541527799,0.153542282,0.485208194,0.315634108,0.696568873,7.801630544,85.81081081,0.024000406
Elastic Net,30,sa1.4,0.282968325,0.140324998,0.524023948,0.1425184,0.480193005,0.279084663,0.692959598,7.540092578,85.81081081,0.02499938
Orthogonal Matching Pursuit,30,sa1.4,0.262668274,0.159419043,0.519271552,0.147586931,0.496667946,0.302598288,0.704746724,7.440629439,84.7972973,0.023997068
k-Nearest Neighbors Regressor,30,sa1.4,0.316819727,0.174316698,0.467084746,0.173171455,0.457471186,0.277792762,0.676366163,6.786116474,87.83783784,0.024902344
Decision Tree Regressor,30,sa1.4,-0.002282845,0.431034226,0.438248588,0.15122676,0.606610169,0.259735131,0.778851828,6.408864221,93.58108108,0.024999142
Random Forest Regressor,30,sa1.4,0.492143474,0.142889735,0.410027119,0.097282452,0.318656605,0.137631532,0.564496771,5.98685851,92.22972973,0.454674721
Extra Trees Regressor,30,sa1.4,0.473789492,0.149686391,0.407675141,0.099871557,0.326610853,0.131505869,0.571498778,5.980420152,91.89189189,0.200972319
Gradient Boosting Regressor,30,sa1.4,0.496222102,0.185218385,0.38468079,0.097260665,0.305208344,0.113087703,0.552456644,5.624462997,92.22972973,3.350037098
AdaBoost Regressor,30,sa1.4,0.415068177,0.261362656,0.501621448,0.059285014,0.336125734,0.093390857,0.579763516,7.605177792,91.89189189,0.188716412
XGBoost Regressor,30,sa1.4,0.476637828,0.11848701,0.407110112,0.107552091,0.330719189,0.142339203,0.575081898,5.920837624,91.21621622,0.838081598
LightGBM Regressor,30,sa1.4,0.49620059,0.164978409,0.396519342,0.084346086,0.304071646,0.092646886,0.551426918,5.841192683,91.89189189,0.104510784
Linear Regression,29,Dur_H575,-0.593068643,1.149612473,0.544292404,0.106042638,1.02239018,0.763638009,1.011133117,7.739822102,86.14864865,0.013026237
Ridge Regression,29,Dur_H575,0.326249237,0.10612382,0.497096951,0.094612597,0.429362,0.178417296,0.655257202,7.228793168,86.48648649,0.02600193
Bayesian Ridge,29,Dur_H575,0.170988217,0.275809769,0.487918066,0.054467804,0.504511114,0.182823011,0.710289458,7.054803012,87.83783784,0.026000738
Lasso Regression,29,Dur_H575,0.288159547,0.169224412,0.541527944,0.153542176,0.485208191,0.31563411,0.69656887,7.801633225,85.81081081,0.013001919
Elastic Net,29,Dur_H575,0.282965972,0.140323826,0.524024146,0.142518258,0.480194471,0.279084258,0.692960656,7.540094699,85.81081081,0.012999058
Orthogonal Matching Pursuit,29,Dur_H575,0.250673895,0.180016104,0.533906713,0.162605658,0.509119856,0.328026965,0.713526353,7.64454972,84.45945946,0.01300025
k-Nearest Neighbors Regressor,29,Dur_H575,0.30126805,0.166380965,0.473853107,0.171281689,0.468524294,0.281419829,0.684488345,6.851673102,88.51351351,0.013000727
Decision Tree Regressor,29,Dur_H575,0.104509101,0.39083951,0.421299435,0.15545448,0.542429379,0.253543334,0.736498051,6.168892106,95.94594595,0.024996042
Random Forest Regressor,29,Dur_H575,0.481442163,0.131421766,0.413259322,0.094949378,0.325412568,0.135816189,0.570449444,6.024382642,92.56756757,0.484522104
Extra Trees Regressor,29,Dur_H575,0.49753983,0.123971721,0.403942373,0.085954029,0.309619955,0.107637435,0.556435041,5.964205277,92.90540541,0.199179173
Gradient Boosting Regressor,29,Dur_H575,0.508939344,0.170589874,0.381543276,0.100443877,0.300347576,0.114185578,0.548039758,5.584999508,91.89189189,3.33486414
AdaBoost Regressor,29,Dur_H575,0.423863064,0.252348958,0.498145225,0.062931456,0.336847294,0.105676959,0.58038547,7.511841169,91.89189189,0.237546682
XGBoost Regressor,29,Dur_H575,0.494445789,0.120054586,0.391959614,0.084063716,0.310212676,0.097211773,0.556967393,5.711534347,92.56756757,0.94792223
LightGBM Regressor,29,Dur_H575,0.486738771,0.150404688,0.401810318,0.086920348,0.312473392,0.097738992,0.558993195,5.888938443,91.55405405,0.126002312
Linear Regression,28,PGA_HE,-0.555087187,1.092660116,0.537688154,0.104468045,0.995237806,0.727223159,0.997616062,7.627275147,85.47297297,0.024498463
Ridge Regression,28,PGA_HE,0.328959324,0.104463414,0.496290226,0.093646972,0.42739634,0.176294701,0.653755566,7.218111687,86.48648649,0.025998116
Bayesian Ridge,28,PGA_HE,0.177932853,0.272727149,0.486974853,0.054566845,0.501424796,0.183423031,0.708113547,7.033956774,87.83783784,0.024999857
Lasso Regression,28,PGA_HE,0.28815931,0.1692248,0.541528063,0.153542411,0.485208458,0.315634642,0.696569062,7.801634807,85.81081081,0.025558472
Elastic Net,28,PGA_HE,0.282965842,0.140324001,0.524024206,0.142518382,0.480194609,0.27908452,0.692960756,7.540095366,85.81081081,0.023998499
Orthogonal Matching Pursuit,28,PGA_HE,0.250673895,0.180016104,0.533906713,0.162605658,0.509119856,0.328026965,0.713526353,7.64454972,84.45945946,0.013000011
k-Nearest Neighbors Regressor,28,PGA_HE,0.312454285,0.168024193,0.471853107,0.167962871,0.455568362,0.259983018,0.674958044,6.839473402,88.51351351,0.024999142
Decision Tree Regressor,28,PGA_HE,-0.004073285,0.574495844,0.428700565,0.100669279,0.563502825,0.214973823,0.750668252,6.209110897,95.27027027,0.024998665
Random Forest Regressor,28,PGA_HE,0.481822731,0.127514165,0.414097458,0.098018222,0.32816184,0.146250163,0.572854118,6.035774614,92.90540541,0.453520298
Extra Trees Regressor,28,PGA_HE,0.506943639,0.117213337,0.39850452,0.089806364,0.30494074,0.1090147,0.552214397,5.850252038,92.56756757,0.199151039
Gradient Boosting Regressor,28,PGA_HE,0.504160346,0.168806197,0.379588646,0.096887525,0.301474921,0.107733413,0.549067319,5.55342319,92.56756757,3.13857913
AdaBoost Regressor,28,PGA_HE,0.410633112,0.206772255,0.512391562,0.047070712,0.346302299,0.085218101,0.588474552,7.761221127,92.22972973,0.17797184
XGBoost Regressor,28,PGA_HE,0.513724852,0.113106114,0.389051359,0.090060868,0.30242753,0.113413075,0.549934115,5.679798407,91.55405405,0.788037777
LightGBM Regressor,28,PGA_HE,0.483358249,0.140895284,0.402590854,0.080354156,0.314799841,0.09616616,0.561070264,5.903521391,90.87837838,0.114491224
Linear Regression,27,EPA,-0.511121045,1.092176916,0.535806123,0.106243421,0.972746272,0.728092739,0.986279003,7.579075778,85.81081081,0.0259974
Ridge Regression,27,EPA,0.330027213,0.103473004,0.496183554,0.093269718,0.426795431,0.175886171,0.653295822,7.215674157,86.48648649,0.025997162
Bayesian Ridge,27,EPA,0.187280055,0.268746853,0.48727945,0.054749125,0.497496838,0.185117988,0.705334558,7.035912457,87.5,0.024005175
Lasso Regression,27,EPA,0.288159062,0.16922481,0.541528121,0.153542372,0.485208553,0.315634555,0.69656913,7.801635956,85.81081081,0.025998592
Elastic Net,27,EPA,0.282965428,0.140324171,0.52402442,0.142518309,0.480194743,0.279084399,0.692960852,7.540098833,85.81081081,0.026000023
Orthogonal Matching Pursuit,27,EPA,0.250673895,0.180016104,0.533906713,0.162605658,0.509119856,0.328026965,0.713526353,7.64454972,84.45945946,0.024998903
k-Nearest Neighbors Regressor,27,EPA,0.305278632,0.168951965,0.473853107,0.171496236,0.46079548,0.265695333,0.678819181,6.863202488,88.17567568,0.024996519
Decision Tree Regressor,27,EPA,-0.052907047,0.473028504,0.44559322,0.082402171,0.613954802,0.198890568,0.78355268,6.499356499,93.58108108,0.02799964
Random Forest Regressor,27,EPA,0.502750747,0.125351165,0.404890395,0.09794891,0.313802243,0.136442197,0.560180545,5.911625912,92.56756757,0.498196125
Extra Trees Regressor,27,EPA,0.508318011,0.130629438,0.397285311,0.086480522,0.301775034,0.103298099,0.549340545,5.864851459,93.58108108,0.200587273
Gradient Boosting Regressor,27,EPA,0.512811319,0.16551622,0.377114183,0.089218075,0.293907128,0.096441606,0.542132021,5.52524645,92.56756757,2.990464449
AdaBoost Regressor,27,EPA,0.413786976,0.260123195,0.508179079,0.074160502,0.342296865,0.113836211,0.585061419,7.708732405,92.56756757,0.219266891
XGBoost Regressor,27,EPA,0.514020848,0.126193254,0.386923361,0.078038867,0.297181882,0.096512536,0.54514391,5.631052075,91.89189189,1.139832735
LightGBM Regressor,27,EPA,0.502960516,0.12646029,0.400533955,0.081338925,0.304732049,0.095592545,0.552025406,5.885293232,92.56756757,0.116000891
Linear Regression,26,sa1.0,-0.473874423,1.084048882,0.53148783,0.108022695,0.95540367,0.726682681,0.977447528,7.525016829,86.82432432,0.026089668
Ridge Regression,26,sa1.0,0.330547434,0.101907765,0.495911256,0.093295193,0.42663995,0.175735097,0.653176814,7.211803169,86.48648649,0.027941227
Bayesian Ridge,26,sa1.0,0.193130631,0.260609456,0.486203536,0.05471191,0.494532028,0.181926373,0.703229712,7.021072984,87.5,0.028525829
Lasso Regression,26,sa1.0,0.288159062,0.16922481,0.541528121,0.153542372,0.485208553,0.315634555,0.69656913,7.801635956,85.81081081,0.025871992
Elastic Net,26,sa1.0,0.282965428,0.140324171,0.52402442,0.142518309,0.480194743,0.279084399,0.692960852,7.540098833,85.81081081,0.02451849
Orthogonal Matching Pursuit,26,sa1.0,0.250673895,0.180016104,0.533906713,0.162605658,0.509119856,0.328026965,0.713526353,7.64454972,84.45945946,0.025514841
k-Nearest Neighbors Regressor,26,sa1.0,0.28988843,0.166271989,0.475898305,0.169690338,0.47040226,0.26504915,0.685858775,6.879692192,87.5,0.025998592
Decision Tree Regressor,26,sa1.0,-0.052620529,0.390085509,0.479039548,0.113027735,0.627175141,0.206571196,0.7919439,7.04499142,94.59459459,0.025386572
Random Forest Regressor,26,sa1.0,0.479127466,0.136895686,0.413111582,0.099634374,0.326940264,0.139581066,0.571786904,6.018688331,91.89189189,0.6233778
Extra Trees Regressor,26,sa1.0,0.505892661,0.101767044,0.405343503,0.092065249,0.306793989,0.107702389,0.553889871,5.966537967,92.56756757,0.309028149
Gradient Boosting Regressor,26,sa1.0,0.508050935,0.160981461,0.379273008,0.103230796,0.30287324,0.118345439,0.550339204,5.538976672,92.22972973,2.83503747
AdaBoost Regressor,26,sa1.0,0.402821075,0.218448989,0.50795895,0.065946585,0.352924468,0.104294068,0.594074464,7.661693338,91.55405405,0.166045189
XGBoost Regressor,26,sa1.0,0.516868615,0.122271581,0.386709162,0.08216068,0.296143943,0.098623305,0.544191091,5.617024295,91.89189189,0.796269417
LightGBM Regressor,26,sa1.0,0.500997104,0.138090993,0.401758036,0.098671417,0.31112015,0.120904887,0.557781454,5.885889396,91.89189189,0.113516092
Linear Regression,25,Tm_h,-0.353378881,0.890350419,0.523049035,0.104789949,0.877145535,0.612772467,0.936560481,7.410774886,86.14864865,0.024000645
Ridge Regression,25,Tm_h,0.332466695,0.098920354,0.495504602,0.093833388,0.426038369,0.176809122,0.652716148,7.206534862,86.48648649,0.025999069
Bayesian Ridge,25,Tm_h,0.20310445,0.244781211,0.483950511,0.05619213,0.489050864,0.174450544,0.699321717,6.987387031,86.82432432,0.023998737
Lasso Regression,25,Tm_h,0.288159009,0.169224896,0.541528148,0.153542425,0.485208612,0.315634674,0.696569173,7.801636308,85.81081081,0.024998188
Elastic Net,25,Tm_h,0.282965428,0.140324172,0.52402442,0.14251831,0.480194744,0.279084401,0.692960853,7.540098837,85.81081081,0.02499795
Orthogonal Matching Pursuit,25,Tm_h,0.250673895,0.180016104,0.533906713,0.162605658,0.509119856,0.328026965,0.713526353,7.64454972,84.45945946,0.012998581
k-Nearest Neighbors Regressor,25,Tm_h,0.315497975,0.16282005,0.46779661,0.168266761,0.454983051,0.265164009,0.674524314,6.778340841,87.83783784,0.024998903
Decision Tree Regressor,25,Tm_h,-0.018029657,0.397556529,0.445310734,0.111098445,0.606892655,0.211723916,0.779033154,6.412215787,93.91891892,0.025000334
Random Forest Regressor,25,Tm_h,0.491922627,0.115474906,0.412644068,0.108032207,0.324341613,0.150231203,0.569509976,6.016087516,92.56756757,0.44222188
Extra Trees Regressor,25,Tm_h,0.487896125,0.119086072,0.40899887,0.091765061,0.318058441,0.116914388,0.563966702,6.044052982,91.21621622,0.206970453
Gradient Boosting Regressor,25,Tm_h,0.499107296,0.176187389,0.381734104,0.103083715,0.306280236,0.118014808,0.553425908,5.582059769,91.89189189,2.804084539
AdaBoost Regressor,25,Tm_h,0.42911562,0.243548025,0.499583198,0.056260778,0.331636517,0.095454609,0.575878908,7.570973772,91.55405405,0.179000139
XGBoost Regressor,25,Tm_h,0.529060423,0.09920219,0.380426792,0.08486497,0.291590187,0.100088806,0.539990914,5.547787264,92.22972973,0.763363361
LightGBM Regressor,25,Tm_h,0.479910009,0.144996096,0.412683287,0.078514179,0.315925051,0.091798545,0.562072105,6.104291807,91.55405405,0.12600112
Linear Regression,24,PGV_HE,-0.265526985,0.813700529,0.510743351,0.08405699,0.801217587,0.539858677,0.895107584,7.24295189,86.48648649,0.024001122
Ridge Regression,24,PGV_HE,0.332258629,0.099626502,0.495532439,0.092356023,0.425514898,0.174739498,0.65231503,7.210375724,86.48648649,0.02499938
Bayesian Ridge,24,PGV_HE,0.191589268,0.264035504,0.485258128,0.054802854,0.494386531,0.181001595,0.703126255,7.005346124,87.5,0.024998665
Lasso Regression,24,PGV_HE,0.288489661,0.169869457,0.542105124,0.155102768,0.485061917,0.316032547,0.696463866,7.810316768,85.47297297,0.026000023
Elastic Net,24,PGV_HE,0.281773097,0.1297895,0.523916301,0.138180018,0.478131667,0.266521797,0.691470655,7.542106764,85.47297297,0.025000572
Orthogonal Matching Pursuit,24,PGV_HE,0.250673895,0.180016104,0.533906713,0.162605658,0.509119856,0.328026965,0.713526353,7.64454972,84.45945946,0.013999701
k-Nearest Neighbors Regressor,24,PGV_HE,0.284576665,0.183612006,0.47659887,0.166080849,0.468960452,0.258841492,0.684806872,6.908917846,87.5,0.027003288
Decision Tree Regressor,24,PGV_HE,-0.163872219,0.555506917,0.498926554,0.183809928,0.733728814,0.448174951,0.856579718,7.216591592,92.22972973,0.027997255
Random Forest Regressor,24,PGV_HE,0.484141241,0.12526273,0.411181356,0.099272946,0.324442664,0.136504622,0.569598687,5.994764854,92.56756757,0.476558685
Extra Trees Regressor,24,PGV_HE,0.51133915,0.126173659,0.400477966,0.093411128,0.303209073,0.11486395,0.550644235,5.892977799,92.22972973,0.245007038
Gradient Boosting Regressor,24,PGV_HE,0.499018289,0.17416799,0.380164366,0.098949283,0.304887421,0.111038307,0.552166117,5.555480236,91.55405405,2.623192549
AdaBoost Regressor,24,PGV_HE,0.396770223,0.277029828,0.509630318,0.062508403,0.348121291,0.106179781,0.590018043,7.715407399,92.22972973,0.17802906
XGBoost Regressor,24,PGV_HE,0.506066036,0.125676249,0.38561009,0.081680059,0.30113461,0.091057367,0.548757332,5.620512466,92.22972973,0.747932196
LightGBM Regressor,24,PGV_HE,0.487629713,0.124571904,0.409390373,0.098149638,0.319057662,0.119287322,0.564851894,5.995680575,91.55405405,0.436218977
Linear Regression,23,sa1.2,-0.314543053,0.920175003,0.519043219,0.076086465,0.81659162,0.5895125,0.903654591,7.376081838,86.48648649,0.026387453
Ridge Regression,23,sa1.2,0.340095687,0.102497117,0.494156532,0.092981014,0.420687916,0.175441361,0.648604591,7.193088683,86.14864865,0.024118423
Bayesian Ridge,23,sa1.2,0.167411016,0.274985245,0.495679555,0.064910623,0.511997975,0.195280361,0.715540338,7.15669729,86.14864865,0.030308247
Lasso Regression,23,sa1.2,0.288489661,0.169869457,0.542105124,0.155102768,0.485061917,0.316032547,0.696463866,7.810316768,85.47297297,0.025999784
Elastic Net,23,sa1.2,0.281773351,0.129789219,0.523915738,0.138180258,0.478131567,0.26652184,0.691470583,7.542097634,85.47297297,0.025996923
Orthogonal Matching Pursuit,23,sa1.2,0.250673895,0.180016104,0.533906713,0.162605658,0.509119856,0.328026965,0.713526353,7.64454972,84.45945946,0.025003672
k-Nearest Neighbors Regressor,23,sa1.2,0.298463779,0.204506473,0.471152542,0.172688507,0.466953672,0.278903177,0.683340085,6.820168383,87.5,0.030002832
Decision Tree Regressor,23,sa1.2,-0.126473221,0.50099624,0.471864407,0.178169698,0.720112994,0.451136449,0.848594717,6.767481767,91.55405405,0.029998541
Random Forest Regressor,23,sa1.2,0.497174265,0.133106443,0.406113842,0.095607386,0.313270569,0.125160102,0.559705788,5.937848563,91.89189189,0.554008245
Extra Trees Regressor,23,sa1.2,0.505446102,0.132605139,0.403238418,0.0946657,0.305635345,0.114731693,0.552842966,5.945335961,92.90540541,0.187201977
Gradient Boosting Regressor,23,sa1.2,0.502947308,0.159819321,0.382765664,0.102348799,0.305043584,0.11450583,0.552307509,5.600043154,91.89189189,2.6852386
AdaBoost Regressor,23,sa1.2,0.38868256,0.245721316,0.513184543,0.077573533,0.367471267,0.139387376,0.606194083,7.818433082,91.55405405,0.167977095
XGBoost Regressor,23,sa1.2,0.516685975,0.123619582,0.386755675,0.076819902,0.294805913,0.091414441,0.542960323,5.64537669,92.56756757,0.635950089
LightGBM Regressor,23,sa1.2,0.513362499,0.141088065,0.395099851,0.077538126,0.296479169,0.090572692,0.544499008,5.802609938,92.90540541,0.104510546
Linear Regression,22,SI,-0.293422824,0.93458309,0.515226492,0.077172744,0.814302832,0.604941537,0.902387296,7.322876655,87.5,0.023999453
Ridge Regression,22,SI,0.340181082,0.103165123,0.494299733,0.093575044,0.420816441,0.176457431,0.648703662,7.19516626,86.48648649,0.02451992
Bayesian Ridge,22,SI,0.161333594,0.281122971,0.497115736,0.068169552,0.519753984,0.207878395,0.720939654,7.175347232,85.81081081,0.024999142
Lasso Regression,22,SI,0.288489661,0.169869457,0.542105124,0.155102768,0.485061917,0.316032547,0.696463866,7.810316768,85.47297297,0.014001369
Elastic Net,22,SI,0.281773353,0.129789218,0.523915737,0.138180259,0.478131566,0.266521841,0.691470582,7.542097625,85.47297297,0.015001535
Orthogonal Matching Pursuit,22,SI,0.250673895,0.180016104,0.533906713,0.162605658,0.509119856,0.328026965,0.713526353,7.64454972,84.45945946,0.013999939
k-Nearest Neighbors Regressor,22,SI,0.292705222,0.198980909,0.471864407,0.167629089,0.465554802,0.265385253,0.682315764,6.837462462,87.16216216,0.024521351
Decision Tree Regressor,22,SI,-0.14728945,0.408929547,0.502485876,0.14229825,0.697627119,0.281469448,0.835240755,7.276249464,92.22972973,0.026998758
Random Forest Regressor,22,SI,0.513806106,0.116606248,0.399954802,0.084062657,0.301773771,0.110595478,0.549339395,5.847905942,93.24324324,0.454312801
Extra Trees Regressor,22,SI,0.504151249,0.123713029,0.400489266,0.092453002,0.307019989,0.113139924,0.554093845,5.905700343,91.89189189,0.190011263
Gradient Boosting Regressor,22,SI,0.514602524,0.170778423,0.375239233,0.094243814,0.294540602,0.106290749,0.542715949,5.483703004,91.55405405,2.486058474
AdaBoost Regressor,22,SI,0.380537165,0.294422815,0.5162687,0.065876545,0.355552652,0.108841633,0.596282359,7.843280178,92.56756757,0.166146278
XGBoost Regressor,22,SI,0.502398169,0.116818351,0.385372168,0.093048039,0.308344836,0.111307709,0.555288066,5.618360754,91.21621622,0.639552593
LightGBM Regressor,22,SI,0.508189336,0.120863954,0.39294025,0.09092556,0.304308798,0.105736418,0.551641911,5.759325793,91.55405405,0.125709295
Linear Regression,21,sa0.8,0.001996894,0.394035688,0.503334468,0.07583658,0.628368743,0.293804633,0.792697132,7.192897532,87.16216216,0.024997473
Ridge Regression,21,sa0.8,0.336605018,0.098564396,0.494450969,0.091737344,0.422808041,0.174104158,0.650236912,7.198231087,86.14864865,0.025001049
Bayesian Ridge,21,sa0.8,0.197199467,0.219877977,0.493386257,0.066238098,0.496996134,0.174656258,0.704979527,7.130130588,85.81081081,0.02500391
Lasso Regression,21,sa0.8,0.286639529,0.172294574,0.54246663,0.155652351,0.486865812,0.319218211,0.697757703,7.814293836,85.47297297,0.045000315
Elastic Net,21,sa0.8,0.282418961,0.12869992,0.5232452,0.137368877,0.477341352,0.264808838,0.690898945,7.537635296,85.13513514,0.025999069
Orthogonal Matching Pursuit,21,sa0.8,0.250673895,0.180016104,0.533906713,0.162605658,0.509119856,0.328026965,0.713526353,7.64454972,84.45945946,0.012001514
k-Nearest Neighbors Regressor,21,sa0.8,0.297542014,0.191091809,0.476485876,0.181564674,0.476476836,0.305520508,0.690273016,6.889344702,86.48648649,0.023997068
Decision Tree Regressor,21,sa0.8,-0.08414505,0.433780277,0.454971751,0.172041422,0.696666667,0.415841638,0.834665602,6.488631489,91.89189189,0.026000261
Random Forest Regressor,21,sa0.8,0.503933085,0.137076367,0.398024011,0.083695074,0.303286047,0.101974903,0.550714124,5.820459969,92.56756757,0.431857824
Extra Trees Regressor,21,sa0.8,0.498651055,0.119254634,0.409445198,0.09612694,0.313508034,0.122990264,0.559917881,6.049428893,93.24324324,0.201001644
Gradient Boosting Regressor,21,sa0.8,0.515119495,0.170656923,0.375978388,0.099233245,0.295307763,0.109864455,0.54342227,5.499608456,91.89189189,2.5369277
AdaBoost Regressor,21,sa0.8,0.40079651,0.313234894,0.504834673,0.083263665,0.345641836,0.127019492,0.58791312,7.677052609,92.22972973,0.166925669
XGBoost Regressor,21,sa0.8,0.553031921,0.097548058,0.37373025,0.08448244,0.277312146,0.097190937,0.526604355,5.471813602,94.25675676,0.631371737
LightGBM Regressor,21,sa0.8,0.510633643,0.137719608,0.396910576,0.091237994,0.30295118,0.113091683,0.550410011,5.817608407,92.22972973,0.115984917
Linear Regression,20,PGA_UD,0.006878662,0.362304845,0.506630947,0.076568813,0.627556356,0.285000365,0.792184547,7.238760803,88.17567568,0.012998104
Ridge Regression,20,PGA_UD,0.340901205,0.099640858,0.493053907,0.088514107,0.418881388,0.168687295,0.647210466,7.180874207,86.14864865,0.025998116
Bayesian Ridge,20,PGA_UD,0.206478925,0.216792867,0.493145064,0.063622714,0.48956092,0.167889662,0.699686301,7.13145027,85.81081081,0.02600646
Lasso Regression,20,PGA_UD,0.291180316,0.164883369,0.540546855,0.151842299,0.481746075,0.308987102,0.6940793,7.791192105,85.47297297,0.025000095
Elastic Net,20,PGA_UD,0.288530662,0.123400579,0.520277533,0.132623724,0.471165413,0.254325624,0.686414899,7.499657554,85.47297297,0.016000271
Orthogonal Matching Pursuit,20,PGA_UD,0.250673895,0.180016104,0.533906713,0.162605658,0.509119856,0.328026965,0.713526353,7.64454972,84.45945946,0.024993896
k-Nearest Neighbors Regressor,20,PGA_UD,0.293771273,0.18677295,0.47719774,0.176527156,0.475868927,0.295818839,0.689832535,6.912403475,86.82432432,0.025999308
Decision Tree Regressor,20,PGA_UD,0.111958065,0.388353594,0.431299435,0.178472278,0.552316384,0.285345436,0.743179914,6.308987559,95.27027027,0.025999784
Random Forest Regressor,20,PGA_UD,0.505839406,0.120721431,0.400821751,0.091243298,0.308012058,0.119468078,0.55498834,5.853322072,92.22972973,0.433015585
Extra Trees Regressor,20,PGA_UD,0.527280677,0.116535456,0.391150847,0.092387185,0.294407554,0.113342324,0.542593359,5.752634331,92.90540541,0.178683758
Gradient Boosting Regressor,20,PGA_UD,0.518274075,0.16310825,0.370989759,0.089286281,0.291422977,0.0988677,0.539836065,5.433371306,92.90540541,2.29782176
AdaBoost Regressor,20,PGA_UD,0.446679798,0.185158898,0.492682964,0.058181918,0.327523287,0.087663933,0.572296503,7.430131635,92.56756757,0.156070471
XGBoost Regressor,20,PGA_UD,0.515180516,0.127006059,0.384732898,0.071311118,0.294328833,0.083809868,0.542520814,5.616586379,92.22972973,0.59812665
LightGBM Regressor,20,PGA_UD,0.537514026,0.133723448,0.386771035,0.091163448,0.286006113,0.106071344,0.534795394,5.682707097,91.55405405,0.115536213
Linear Regression,19,sa0.4,-0.005412689,0.32792202,0.511484347,0.076207565,0.638508528,0.278797452,0.799067286,7.311772327,87.5,0.025999546
Ridge Regression,19,sa0.4,0.342479052,0.099659867,0.492474134,0.089119645,0.418164046,0.169737901,0.646656049,7.172487141,86.14864865,0.025318384
Bayesian Ridge,19,sa0.4,0.209784803,0.193371654,0.493762623,0.067390161,0.490205243,0.165075291,0.700146587,7.135848611,85.81081081,0.023999929
Lasso Regression,19,sa0.4,0.291180316,0.164883369,0.540546855,0.151842299,0.481746075,0.308987102,0.6940793,7.791192105,85.47297297,0.012999773
Elastic Net,19,sa0.4,0.288531225,0.123400358,0.520277905,0.132623497,0.471165062,0.25432562,0.686414643,7.499663281,85.47297297,0.014001131
Orthogonal Matching Pursuit,19,sa0.4,0.148266425,0.239263124,0.582770485,0.178593784,0.603213582,0.431849802,0.776668257,8.310470663,84.45945946,0.014000893
k-Nearest Neighbors Regressor,19,sa0.4,0.31256685,0.159964172,0.47720904,0.173637193,0.462962712,0.28352021,0.680413633,6.918704419,86.14864865,0.013999462
Decision Tree Regressor,19,sa0.4,-0.014059574,0.45866987,0.45440678,0.254544673,0.688983051,0.543137702,0.830050029,6.627386315,91.55405405,0.025000811
Random Forest Regressor,19,sa0.4,0.509652737,0.121916261,0.402028814,0.094595997,0.307969698,0.127590317,0.554950176,5.86977826,92.56756757,0.43765378
Extra Trees Regressor,19,sa0.4,0.52777054,0.114348628,0.392327119,0.089409816,0.292861893,0.107192368,0.541167158,5.763942514,93.58108108,0.167035103
Gradient Boosting Regressor,19,sa0.4,0.517533296,0.163242028,0.36962808,0.088016082,0.29099941,0.094245225,0.539443611,5.417976929,92.56756757,2.164054632
AdaBoost Regressor,19,sa0.4,0.405310866,0.241868982,0.506997677,0.07378599,0.349044234,0.109766301,0.590799657,7.686687288,91.55405405,0.176094294
XGBoost Regressor,19,sa0.4,0.536703825,0.117655876,0.372988003,0.074839316,0.28156601,0.084284215,0.530627939,5.438419046,92.90540541,0.573777437
LightGBM Regressor,19,sa0.4,0.519576224,0.111936976,0.391798862,0.089423476,0.296432413,0.094595377,0.544456071,5.760213512,91.21621622,0.115541935
Linear Regression,18,Ratio_pgvpga,-0.004831682,0.329144541,0.512113183,0.075373537,0.637808609,0.278389047,0.798629206,7.324847569,86.82432432,0.014969587
Ridge Regression,18,Ratio_pgvpga,0.341406405,0.105083171,0.492415825,0.090948118,0.41878754,0.171679887,0.64713796,7.168819791,86.14864865,0.024000406
Bayesian Ridge,18,Ratio_pgvpga,0.20048767,0.206590158,0.49343344,0.066732772,0.495270915,0.16902373,0.703754869,7.127990477,85.47297297,0.026998281
Lasso Regression,18,Ratio_pgvpga,0.291180258,0.16488325,0.540546913,0.151842263,0.481746116,0.308987079,0.694079329,7.791193566,85.47297297,0.013997555
Elastic Net,18,Ratio_pgvpga,0.288730295,0.123738605,0.520246382,0.132640265,0.47104174,0.254403394,0.686324807,7.499266411,85.47297297,0.014003515
Orthogonal Matching Pursuit,18,Ratio_pgvpga,0.148266425,0.239263124,0.582770485,0.178593784,0.603213582,0.431849802,0.776668257,8.310470663,84.45945946,0.013999462
k-Nearest Neighbors Regressor,18,Ratio_pgvpga,0.322759722,0.149703729,0.461152542,0.150847321,0.441166102,0.230082551,0.664203359,6.689591377,87.83783784,0.014002323
Decision Tree Regressor,18,Ratio_pgvpga,0.031581054,0.419896484,0.438079096,0.175455013,0.632429379,0.420126852,0.795254285,6.240615616,93.58108108,0.023998022
Random Forest Regressor,18,Ratio_pgvpga,0.528003054,0.096566408,0.392971469,0.089439227,0.295744261,0.113457297,0.543823741,5.727145672,92.56756757,0.424377441
Extra Trees Regressor,18,Ratio_pgvpga,0.511437544,0.131816582,0.397887006,0.093458587,0.30075235,0.10547714,0.548408926,5.849782819,92.56756757,0.177037716
Gradient Boosting Regressor,18,Ratio_pgvpga,0.521222975,0.163012912,0.365416728,0.086460899,0.287721857,0.090013491,0.536397108,5.352813654,91.89189189,2.363827467
AdaBoost Regressor,18,Ratio_pgvpga,0.408750766,0.239608588,0.511448125,0.061192975,0.346187958,0.103594696,0.588377394,7.735522143,92.22972973,0.156570196
XGBoost Regressor,18,Ratio_pgvpga,0.516220832,0.130210128,0.380839126,0.079000011,0.292695797,0.083994621,0.541013675,5.527909123,90.54054054,0.529967308
LightGBM Regressor,18,Ratio_pgvpga,0.521215027,0.109130424,0.400832063,0.082901054,0.293828632,0.089464692,0.542059621,5.903638418,91.21621622,0.125516415
Linear Regression,17,I_c,0.081360621,0.389474298,0.483221052,0.036710682,0.557338162,0.249089164,0.746550844,6.985781332,86.82432432,0.02351284
Ridge Regression,17,I_c,0.344239095,0.103367941,0.491989929,0.091039756,0.417277331,0.171777392,0.645970069,7.163895871,86.14864865,0.026001453
Bayesian Ridge,17,I_c,0.203891305,0.210040985,0.492976777,0.069151035,0.495132813,0.176063969,0.703656744,7.127714898,85.81081081,0.026546717
Lasso Regression,17,I_c,0.291184159,0.164881816,0.54055172,0.151840332,0.481744394,0.308987867,0.694078089,7.791272,85.47297297,0.024001122
Elastic Net,17,I_c,0.288736618,0.123741929,0.520246564,0.132640256,0.471037589,0.254404023,0.686321782,7.499271369,85.47297297,0.013999224
Orthogonal Matching Pursuit,17,I_c,0.148266425,0.239263124,0.582770485,0.178593784,0.603213582,0.431849802,0.776668257,8.310470663,84.45945946,0.014002085
k-Nearest Neighbors Regressor,17,I_c,0.340601086,0.13710119,0.459163842,0.144824548,0.431353672,0.22323791,0.656775207,6.652858215,88.17567568,0.024994612
Decision Tree Regressor,17,I_c,0.134785001,0.304143427,0.441242938,0.205314186,0.575141243,0.385613811,0.758380672,6.410204848,93.24324324,0.024539948
Random Forest Regressor,17,I_c,0.529894476,0.089507942,0.394464407,0.092773503,0.296673828,0.119082834,0.544677728,5.747529896,93.91891892,0.423174143
Extra Trees Regressor,17,I_c,0.521534387,0.119251616,0.390626554,0.086850919,0.295026028,0.102070001,0.543162985,5.734421922,91.55405405,0.177631378
Gradient Boosting Regressor,17,I_c,0.548300818,0.114223166,0.36310985,0.088367668,0.277485457,0.09311049,0.526768883,5.303520737,93.24324324,2.065946817
AdaBoost Regressor,17,I_c,0.426513495,0.243729226,0.496390966,0.072504975,0.336211612,0.108422504,0.579837574,7.510426003,91.89189189,0.144524097
XGBoost Regressor,17,I_c,0.542223954,0.09990055,0.379802226,0.084762509,0.282037162,0.089880969,0.531071711,5.540120088,92.56756757,0.487922668
LightGBM Regressor,17,I_c,0.548428438,0.093391466,0.385031676,0.086928507,0.279570462,0.088624855,0.528744231,5.663628108,92.90540541,0.105000496
Linear Regression,16,sa0.2,0.170232897,0.282281182,0.473900538,0.035663581,0.500240809,0.176839243,0.707277038,6.864542918,86.82432432,0.0260005
Ridge Regression,16,sa0.2,0.346877745,0.10173558,0.492217205,0.090566378,0.415475466,0.169867115,0.644573864,7.165559969,86.48648649,0.025995731
Bayesian Ridge,16,sa0.2,0.22979132,0.186423947,0.489857999,0.069091274,0.478547472,0.163737106,0.691771257,7.087917032,86.14864865,0.024996281
Lasso Regression,16,sa0.2,0.292077698,0.164560698,0.540259087,0.151959191,0.481344465,0.309169409,0.693789929,7.787190587,85.47297297,0.0260005
Elastic Net,16,sa0.2,0.289743493,0.123945274,0.519632507,0.133667523,0.470549763,0.254705205,0.685966299,7.487739019,85.47297297,0.025000095
Orthogonal Matching Pursuit,16,sa0.2,0.148266425,0.239263124,0.582770485,0.178593784,0.603213582,0.431849802,0.776668257,8.310470663,84.45945946,0.013998747
k-Nearest Neighbors Regressor,16,sa0.2,0.340872858,0.124262003,0.457141243,0.143278617,0.429096045,0.21524165,0.655054231,6.639451952,88.85135135,0.025001049
Decision Tree Regressor,16,sa0.2,0.118394454,0.399242087,0.447683616,0.245735462,0.634689266,0.567850924,0.796673877,6.435676748,92.56756757,0.023983002
Random Forest Regressor,16,sa0.2,0.519747263,0.105699122,0.396235593,0.09390051,0.301181935,0.119344858,0.548800451,5.770702622,93.24324324,0.520447493
Extra Trees Regressor,16,sa0.2,0.528654217,0.115070918,0.389668362,0.088914935,0.290660537,0.100010851,0.539129425,5.718012656,91.55405405,0.176187277
Gradient Boosting Regressor,16,sa0.2,0.552724732,0.111712719,0.361461134,0.089401606,0.274860731,0.091225524,0.52427162,5.287301535,93.24324324,1.994779825
AdaBoost Regressor,16,sa0.2,0.451917398,0.22850761,0.491747939,0.076795087,0.325935683,0.115977067,0.570907771,7.437902201,93.24324324,0.146049976
XGBoost Regressor,16,sa0.2,0.527935779,0.131182748,0.372681483,0.068268567,0.285223183,0.084126208,0.534062902,5.424914636,92.56756757,0.571070433
LightGBM Regressor,16,sa0.2,0.554225905,0.111632515,0.374627752,0.083258952,0.273276953,0.08557124,0.522758981,5.525206431,92.22972973,0.104997873
Linear Regression,15,Tavg_h,0.022423374,0.480778622,0.490208286,0.034150293,0.584752793,0.297642627,0.764691305,7.068530665,88.51351351,0.024004459
Ridge Regression,15,Tavg_h,0.343217723,0.10964841,0.492281274,0.09313852,0.416826611,0.169519749,0.645621105,7.162350299,86.82432432,0.024998903
Bayesian Ridge,15,Tavg_h,0.170026262,0.246431291,0.498455433,0.073852325,0.51417802,0.191007546,0.717062075,7.210027322,87.5,0.015001774
Lasso Regression,15,Tavg_h,0.292074852,0.164557778,0.540260129,0.151958767,0.481346206,0.309168549,0.693791184,7.787206139,85.47297297,0.013998985
Elastic Net,15,Tavg_h,0.290495491,0.125221232,0.519107916,0.1339484,0.470083997,0.255000531,0.685626719,7.478928672,85.47297297,0.012998343
Orthogonal Matching Pursuit,15,Tavg_h,0.148266425,0.239263124,0.582770485,0.178593784,0.603213582,0.431849802,0.776668257,8.310470663,84.45945946,0.013999701
k-Nearest Neighbors Regressor,15,Tavg_h,0.388484134,0.131860543,0.431762712,0.102501188,0.379410169,0.132017893,0.615962799,6.265551266,91.21621622,0.025002003
Decision Tree Regressor,15,Tavg_h,0.160288742,0.261535755,0.437909605,0.189795228,0.584915254,0.432990443,0.764797525,6.191012441,93.91891892,0.025000095
Random Forest Regressor,15,Tavg_h,0.534766353,0.116367285,0.386833333,0.080030879,0.285749658,0.095454267,0.534555571,5.651135511,93.58108108,0.39951849
Extra Trees Regressor,15,Tavg_h,0.537140827,0.116999413,0.383496045,0.095941562,0.28799087,0.109084311,0.536647808,5.62589822,93.24324324,0.166986704
Gradient Boosting Regressor,15,Tavg_h,0.547134336,0.104761198,0.36576894,0.095789516,0.280639288,0.099739431,0.529753988,5.34439312,93.24324324,2.075627565
AdaBoost Regressor,15,Tavg_h,0.440361259,0.224575777,0.498813663,0.062669699,0.326413812,0.090086935,0.571326362,7.580463605,92.56756757,0.144848585
XGBoost Regressor,15,Tavg_h,0.516144586,0.09162867,0.385069531,0.076788521,0.295882622,0.079543387,0.543950937,5.605738246,91.55405405,0.520856142
LightGBM Regressor,15,Tavg_h,0.554834955,0.099736352,0.380333411,0.097871051,0.27876648,0.105955528,0.527983409,5.592343665,92.56756757,0.114507675
Linear Regression,14,I_z,0.038388312,0.448534648,0.488346214,0.034219237,0.574984462,0.27664842,0.758277299,7.043859381,88.51351351,0.024996042
Ridge Regression,14,I_z,0.34158874,0.109749991,0.492953943,0.095129437,0.418586519,0.172823746,0.646982627,7.169774719,87.16216216,0.028000593
Bayesian Ridge,14,I_z,0.173464871,0.232986981,0.499435563,0.073215484,0.510912164,0.181361921,0.7147812,7.221482368,86.82432432,0.027001143
Lasso Regression,14,I_z,0.292074852,0.164557778,0.540260129,0.151958767,0.481346206,0.309168549,0.693791184,7.787206139,85.47297297,0.024998665
Elastic Net,14,I_z,0.290495491,0.125221232,0.519107916,0.1339484,0.470083997,0.255000531,0.685626719,7.478928672,85.47297297,0.0259974
Orthogonal Matching Pursuit,14,I_z,0.148266425,0.239263124,0.582770485,0.178593784,0.603213582,0.431849802,0.776668257,8.310470663,84.45945946,0.014001608
k-Nearest Neighbors Regressor,14,I_z,0.364865121,0.137378437,0.439163842,0.107223615,0.397505085,0.153369913,0.630480043,6.363148863,91.21621622,0.025999546
Decision Tree Regressor,14,I_z,0.230183396,0.271423711,0.391129944,0.130867703,0.491468927,0.273608557,0.701048448,5.737210425,94.93243243,0.024640322
Random Forest Regressor,14,I_z,0.519499132,0.116195358,0.397427684,0.093507263,0.300750356,0.121974134,0.548407108,5.793178223,92.90540541,0.45623517
Extra Trees Regressor,14,I_z,0.524748155,0.116519373,0.394532203,0.094984689,0.296557751,0.114296267,0.544571163,5.791700182,92.56756757,0.155994892
Gradient Boosting Regressor,14,I_z,0.541157214,0.095139176,0.364086086,0.0905475,0.283515145,0.093159446,0.532461403,5.322069571,92.56756757,1.748582602
AdaBoost Regressor,14,I_z,0.405896441,0.252107281,0.509090488,0.067029035,0.34565522,0.101907723,0.587924502,7.718742596,90.87837838,0.15599966
XGBoost Regressor,14,I_z,0.518927526,0.117656448,0.384950008,0.091440561,0.29907972,0.11076355,0.546881815,5.58568068,91.21621622,0.469223499
LightGBM Regressor,14,I_z,0.545458454,0.090385669,0.391446613,0.093973763,0.284259411,0.102795412,0.533159836,5.751179936,92.56756757,0.09399724
Linear Regression,13,sa2.0,0.101170991,0.357718109,0.487218351,0.037279583,0.53646233,0.215014165,0.732435888,7.040898471,87.16216216,0.014997721
Ridge Regression,13,sa2.0,0.351332745,0.125546881,0.491484461,0.097425601,0.411137428,0.17330925,0.641199991,7.158640763,86.48648649,0.0260005
Bayesian Ridge,13,sa2.0,0.243105296,0.152008659,0.492867976,0.070734137,0.464929642,0.132118509,0.681857494,7.142461433,87.5,0.024996519
Lasso Regression,13,sa2.0,0.293524942,0.170380549,0.539968644,0.153827406,0.481248462,0.313687798,0.693720738,7.78689276,85.81081081,0.01299715
Elastic Net,13,sa2.0,0.30389302,0.135515055,0.517345431,0.13633068,0.462438428,0.260732772,0.680028256,7.458276437,85.13513514,0.01300025
Orthogonal Matching Pursuit,13,sa2.0,0.148266425,0.239263124,0.582770485,0.178593784,0.603213582,0.431849802,0.776668257,8.310470663,84.45945946,0.012994289
k-Nearest Neighbors Regressor,13,sa2.0,0.339605822,0.136887224,0.447220339,0.11324163,0.417679096,0.170052401,0.646280973,6.453775204,91.21621622,0.023552179
Decision Tree Regressor,13,sa2.0,0.11802504,0.415453423,0.388248588,0.086923727,0.496271186,0.12491146,0.704465178,5.709727585,95.27027027,0.025000095
Random Forest Regressor,13,sa2.0,0.475663686,0.123418812,0.410357627,0.093051724,0.32504474,0.119393498,0.570126951,5.972098214,92.90540541,0.387037277
Extra Trees Regressor,13,sa2.0,0.46172451,0.126511148,0.412268362,0.094411302,0.333208582,0.118888365,0.577242221,6.03544616,90.87837838,0.155631304
Gradient Boosting Regressor,13,sa2.0,0.479561404,0.13675798,0.365083149,0.067553584,0.310169788,0.06693325,0.55692889,5.324266199,91.89189189,1.660906553
AdaBoost Regressor,13,sa2.0,0.391920193,0.170921839,0.494065739,0.083225544,0.367193097,0.104288496,0.605964601,7.355791545,90.2027027,0.124031067
XGBoost Regressor,13,sa2.0,0.472283804,0.128838201,0.389851073,0.09296085,0.320732739,0.091903031,0.56633271,5.672209349,92.22972973,0.388938189
LightGBM Regressor,13,sa2.0,0.479254876,0.097155857,0.414997582,0.10120991,0.326132197,0.119944872,0.571079852,6.066560486,91.21621622,0.104727268
Linear Regression,12,PGV_UD,0.168186339,0.283391918,0.488289649,0.04838272,0.49870002,0.169499815,0.706186958,7.083161183,87.83783784,0.025999308
Ridge Regression,12,PGV_UD,0.335034043,0.129934567,0.498283574,0.104711124,0.423281043,0.185447428,0.650600525,7.263979467,87.16216216,0.026000738
Bayesian Ridge,12,PGV_UD,0.263786399,0.137723327,0.498981176,0.076680002,0.45467896,0.136451574,0.674298866,7.245988794,87.16216216,0.023998022
Lasso Regression,12,PGV_UD,0.261149448,0.199249175,0.546657661,0.168211285,0.506326499,0.345597805,0.71156623,7.889211924,85.13513514,0.014999151
Elastic Net,12,PGV_UD,0.288295528,0.162517838,0.524197923,0.149674563,0.477794764,0.291685462,0.691226999,7.561288881,84.7972973,0.013999939
Orthogonal Matching Pursuit,12,PGV_UD,0.174370381,0.270083188,0.56816761,0.188335509,0.587045777,0.441546612,0.766189126,8.109554627,85.47297297,0.014001846
k-Nearest Neighbors Regressor,12,PGV_UD,0.306313801,0.156477813,0.455299435,0.116955508,0.438183051,0.177342364,0.661953964,6.575638138,89.86486486,0.025001049
Decision Tree Regressor,12,PGV_UD,0.036608714,0.365123983,0.39819209,0.091106245,0.566779661,0.159479187,0.752847701,5.770726083,92.22972973,0.023999691
Random Forest Regressor,12,PGV_UD,0.4433091,0.116714025,0.420765819,0.100236466,0.347336346,0.129997397,0.58935248,6.132282953,92.22972973,0.39801383
Extra Trees Regressor,12,PGV_UD,0.417229536,0.118270542,0.431858192,0.114577627,0.370509452,0.161584441,0.608694876,6.308980856,90.87837838,0.155990601
Gradient Boosting Regressor,12,PGV_UD,0.403398437,0.121110898,0.404021188,0.097519891,0.367565064,0.113365446,0.606271445,5.912302499,90.2027027,1.670707226
AdaBoost Regressor,12,PGV_UD,0.360423111,0.13210786,0.507031631,0.098318431,0.403882969,0.164782192,0.635517874,7.548130474,89.52702703,0.123003483
XGBoost Regressor,12,PGV_UD,0.403018653,0.089635424,0.421546523,0.107986845,0.373992532,0.130558664,0.611549288,6.146340564,88.85135135,0.406623602
LightGBM Regressor,12,PGV_UD,0.44409814,0.082053008,0.417993338,0.116602356,0.353407014,0.14275143,0.594480458,6.07675083,91.21621622,0.104001045
Linear Regression,11,Caa,0.139235088,0.262372681,0.508563751,0.045617633,0.522981778,0.173874773,0.72317479,7.404940506,87.5,0.024000168
Ridge Regression,11,Caa,0.319283616,0.136292802,0.50680851,0.111225935,0.436239646,0.202630907,0.660484403,7.392040701,86.48648649,0.025997877
Bayesian Ridge,11,Caa,0.269230039,0.127375673,0.508377852,0.082654827,0.454961339,0.151643091,0.67450822,7.405749156,86.82432432,0.025999784
Lasso Regression,11,Caa,0.249383765,0.193695267,0.551268322,0.166251567,0.51243832,0.342248782,0.715847973,7.965967381,84.7972973,0.024999142
Elastic Net,11,Caa,0.273396684,0.161209542,0.530384045,0.1468362,0.484908802,0.287649115,0.696353934,7.669892323,84.7972973,0.023888588
Orthogonal Matching Pursuit,11,Caa,0.237060161,0.27681167,0.552121923,0.194420178,0.548001984,0.449531237,0.740271561,7.914798408,85.13513514,0.013998985
k-Nearest Neighbors Regressor,11,Caa,0.28596783,0.173685811,0.467977401,0.14086196,0.46119774,0.228731889,0.67911541,6.756756757,88.85135135,0.029418707
Decision Tree Regressor,11,Caa,-0.124235064,0.342969731,0.471525424,0.217034941,0.760112994,0.509291447,0.871844593,6.607947233,88.85135135,0.026011229
Random Forest Regressor,11,Caa,0.409054124,0.148015663,0.435835876,0.131099599,0.381084363,0.196233455,0.617320308,6.315332073,89.52702703,0.433978319
Extra Trees Regressor,11,Caa,0.398897175,0.153330978,0.435227684,0.1323391,0.387125418,0.197226884,0.622194036,6.345164361,88.51351351,0.191594362
Gradient Boosting Regressor,11,Caa,0.382424634,0.106438479,0.40900094,0.107649445,0.388170306,0.142799072,0.62303315,5.913190209,91.55405405,1.58338356
AdaBoost Regressor,11,Caa,0.406834228,0.196585222,0.460522598,0.093772626,0.350538515,0.086829063,0.592062932,6.883721279,90.87837838,0.22500968
XGBoost Regressor,11,Caa,0.415201879,0.077053874,0.418511404,0.114425746,0.374755325,0.158628245,0.612172627,6.037992542,88.85135135,0.607149839
LightGBM Regressor,11,Caa,0.406564674,0.108834253,0.433927649,0.13703209,0.382562071,0.181169516,0.618516024,6.317971989,89.18918919,0.104999304
Linear Regression,10,I_a_r,0.173099985,0.221049541,0.505437733,0.046600495,0.503385752,0.152705167,0.70949683,7.368543595,87.83783784,0.024562836
Ridge Regression,10,I_a_r,0.325105687,0.128879338,0.50774665,0.111532757,0.434760274,0.206837625,0.659363537,7.404926278,86.82432432,0.025206089
Bayesian Ridge,10,I_a_r,0.270983199,0.125251354,0.5070955,0.080511447,0.453645623,0.149070882,0.673532199,7.38854964,86.82432432,0.026000023
Lasso Regression,10,I_a_r,0.256931316,0.192462363,0.550509622,0.166486884,0.509054881,0.343850291,0.713480821,7.959788291,84.7972973,0.036002398
Elastic Net,10,I_a_r,0.278337209,0.159222417,0.529555971,0.14704709,0.482913229,0.289438715,0.694919585,7.659800189,84.7972973,0.028000593
Orthogonal Matching Pursuit,10,I_a_r,0.237060161,0.27681167,0.552121923,0.194420178,0.548001984,0.449531237,0.740271561,7.914798408,85.13513514,0.025003433
k-Nearest Neighbors Regressor,10,I_a_r,0.282106486,0.147663531,0.480067797,0.150585474,0.472357062,0.253718678,0.687282374,6.925943801,88.17567568,0.02499795
Decision Tree Regressor,10,I_a_r,-0.072317189,0.309821989,0.461412429,0.215006872,0.736440678,0.510676025,0.858161219,6.447072072,89.52702703,0.026974916
Random Forest Regressor,10,I_a_r,0.439758456,0.126902454,0.423475141,0.119108534,0.359448073,0.173923577,0.599539885,6.140980266,90.87837838,0.437129021
Extra Trees Regressor,10,I_a_r,0.409033155,0.136585924,0.433008475,0.143388032,0.386373395,0.208250367,0.621589411,6.309416559,88.17567568,0.155216217
Gradient Boosting Regressor,10,I_a_r,0.393974384,0.104665347,0.401189629,0.103130566,0.380432128,0.139636785,0.616791803,5.798819987,91.21621622,1.375024319
AdaBoost Regressor,10,I_a_r,0.333394529,0.190282753,0.513269121,0.13234505,0.428248205,0.22434627,0.654406758,7.585076043,88.85135135,0.12232995
XGBoost Regressor,10,I_a_r,0.372431028,0.124601494,0.431049568,0.127806016,0.404210267,0.192010145,0.635775328,6.201790539,88.51351351,0.343289852
LightGBM Regressor,10,I_a_r,0.419445936,0.116310606,0.429656655,0.132037114,0.373038159,0.1762718,0.610768499,6.258990338,89.52702703,0.104782343
Linear Regression,9,sa0.6,0.226152852,0.16274666,0.499739842,0.049695422,0.471285609,0.121064206,0.686502446,7.303182449,87.83783784,0.025813341
Ridge Regression,9,sa0.6,0.330633504,0.119626047,0.50695575,0.10864527,0.431800665,0.204059072,0.657115412,7.392558186,86.82432432,0.027008533
Bayesian Ridge,9,sa0.6,0.294911112,0.126160558,0.501635879,0.080013202,0.438342627,0.146273096,0.662074488,7.321170187,87.16216216,0.025999308
Lasso Regression,9,sa0.6,0.256931316,0.192462363,0.550509622,0.166486884,0.509054881,0.343850291,0.713480821,7.959788291,84.7972973,0.024000168
Elastic Net,9,sa0.6,0.278576724,0.159121042,0.529488379,0.147066536,0.482813735,0.289492043,0.694847994,7.658892459,84.7972973,0.014000893
Orthogonal Matching Pursuit,9,sa0.6,0.237060161,0.27681167,0.552121923,0.194420178,0.548001984,0.449531237,0.740271561,7.914798408,85.13513514,0.023999214
k-Nearest Neighbors Regressor,9,sa0.6,0.286522564,0.134333851,0.467920904,0.147960777,0.461742373,0.224315327,0.679516279,6.768822394,88.85135135,0.024000168
Decision Tree Regressor,9,sa0.6,0.117869784,0.213808833,0.39440678,0.13243309,0.555875706,0.236547701,0.745570725,5.82703239,92.56756757,0.024999619
Random Forest Regressor,9,sa0.6,0.44447954,0.138311726,0.419858192,0.121997384,0.353966404,0.169478284,0.594950758,6.100161545,92.56756757,0.418486595
Extra Trees Regressor,9,sa0.6,0.436168952,0.106208066,0.416718644,0.113478732,0.360851864,0.162271281,0.600709468,6.075349903,89.86486486,0.156968117
Gradient Boosting Regressor,9,sa0.6,0.390757538,0.123967706,0.399764354,0.10202603,0.376872462,0.122963895,0.613899391,5.793786671,91.55405405,1.242814779
AdaBoost Regressor,9,sa0.6,0.326076202,0.200237048,0.519848504,0.130120848,0.432113002,0.22519704,0.657353027,7.695324774,87.83783784,0.136007547
XGBoost Regressor,9,sa0.6,0.390362644,0.11484605,0.426931433,0.115297537,0.388074082,0.168580325,0.622955923,6.169161505,88.85135135,0.311545849
LightGBM Regressor,9,sa0.6,0.384920584,0.136936633,0.433982394,0.128387662,0.386823377,0.159758381,0.621951266,6.300974345,89.52702703,0.137446165
Linear Regression,8,I_f,0.255652001,0.153669254,0.495789377,0.052620743,0.453019473,0.113573235,0.673067213,7.252834421,88.17567568,0.026003838
Ridge Regression,8,I_f,0.310871924,0.121956186,0.517624705,0.119911698,0.449766492,0.227959714,0.670646324,7.539264253,86.48648649,0.025999308
Bayesian Ridge,8,I_f,0.284871249,0.120145801,0.500259515,0.072892369,0.444721396,0.143898631,0.666874348,7.302312874,88.17567568,0.025001287
Lasso Regression,8,I_f,0.210757946,0.246813612,0.563604812,0.192107333,0.55767099,0.424677613,0.74677372,8.101480142,83.78378378,0.024000168
Elastic Net,8,I_f,0.249414692,0.184736517,0.54056149,0.166599441,0.514681516,0.342158745,0.717413072,7.791436072,84.45945946,0.025002003
Orthogonal Matching Pursuit,8,I_f,0.049635847,0.194863515,0.617333632,0.163243104,0.647671158,0.402505877,0.804780192,8.844678785,80.06756757,0.024998903
k-Nearest Neighbors Regressor,8,I_f,0.256076167,0.156516355,0.483423729,0.154110523,0.484720904,0.245730113,0.696219006,6.975949163,86.82432432,0.024999619
Decision Tree Regressor,8,I_f,-0.143070019,0.486788577,0.515254237,0.262049466,0.750056497,0.511273851,0.866058022,7.614757615,88.17567568,0.025996923
Random Forest Regressor,8,I_f,0.43964348,0.117328013,0.426586441,0.118033049,0.358524655,0.166862862,0.598769284,6.186618538,90.87837838,0.452907562
Extra Trees Regressor,8,I_f,0.436851183,0.132917182,0.416788136,0.11344572,0.352671644,0.141418924,0.593861637,6.09454097,90.2027027,0.155971527
Gradient Boosting Regressor,8,I_f,0.487208084,0.10909739,0.366541241,0.08039063,0.315111807,0.094389462,0.561348205,5.333826594,93.58108108,1.283409119
AdaBoost Regressor,8,I_f,0.340689465,0.183609166,0.500742301,0.135806831,0.416503577,0.193177938,0.645370883,7.421980263,88.51351351,0.178168297
XGBoost Regressor,8,I_f,0.4149683,0.162391075,0.409588624,0.079921704,0.349444949,0.085448831,0.591138689,5.958655577,90.54054054,0.266628265
LightGBM Regressor,8,I_f,0.359879681,0.141776941,0.453046123,0.139886439,0.408697792,0.189839846,0.639294761,6.585832565,87.83783784,0.104999781
Linear Regression,7,V_ms,0.286118708,0.164238643,0.49318096,0.077897116,0.437715023,0.137172044,0.66160035,7.253063512,87.83783784,0.02400279
Ridge Regression,7,V_ms,0.29022452,0.116301314,0.520784317,0.10583824,0.453446073,0.195056618,0.673384046,7.609617934,86.48648649,0.024996758
Bayesian Ridge,7,V_ms,0.304864516,0.163733687,0.485196793,0.06193252,0.419713447,0.104392309,0.647852951,7.127558123,88.85135135,0.023999214
Lasso Regression,7,V_ms,0.207003933,0.248199909,0.561088529,0.194872551,0.561417905,0.4287355,0.749278256,8.073620601,84.12162162,0.02700305
Elastic Net,7,V_ms,0.280745101,0.123603108,0.523539849,0.138272744,0.472055348,0.244028015,0.687062842,7.61271751,85.81081081,0.026000738
Orthogonal Matching Pursuit,7,V_ms,0.049635847,0.194863515,0.617333632,0.163243104,0.647671158,0.402505877,0.804780192,8.844678785,80.06756757,0.013998985
k-Nearest Neighbors Regressor,7,V_ms,0.20237008,0.171037417,0.510576271,0.13602548,0.506770621,0.221637534,0.711878235,7.394492707,87.16216216,0.024000883
Decision Tree Regressor,7,V_ms,-0.408829244,0.653770167,0.579152542,0.305524918,0.908305085,0.606981408,0.95305041,8.599447662,84.12162162,0.0260005
Random Forest Regressor,7,V_ms,0.414746864,0.139344816,0.426735876,0.097190746,0.359278674,0.118415978,0.599398593,6.201315154,90.87837838,0.421004057
Extra Trees Regressor,7,V_ms,0.401045138,0.16104877,0.427005085,0.09115107,0.360478322,0.097712885,0.600398469,6.261435543,90.54054054,0.167430878
Gradient Boosting Regressor,7,V_ms,0.43089642,0.184189004,0.378973852,0.063200958,0.331379004,0.056579303,0.575655282,5.543229071,92.22972973,1.110839128
AdaBoost Regressor,7,V_ms,0.288827594,0.247097268,0.516648,0.136097978,0.438236684,0.191154629,0.661994474,7.652558472,86.48648649,0.123029947
XGBoost Regressor,7,V_ms,0.358321965,0.196335836,0.440452687,0.089269308,0.38064379,0.093013386,0.616963362,6.416424533,89.86486486,0.234043598
LightGBM Regressor,7,V_ms,0.287245527,0.160114779,0.482296204,0.122956351,0.445130299,0.173332593,0.667180859,7.029853613,87.16216216,0.104512215
Linear Regression,6,DI,0.314506223,0.161636198,0.483860689,0.069181682,0.420238226,0.128864508,0.648257839,7.105559201,89.52702703,0.023998499
Ridge Regression,6,DI,0.300064295,0.116985224,0.531712841,0.111371629,0.457332757,0.222879329,0.676263822,7.764315218,87.83783784,0.025999546
Bayesian Ridge,6,DI,0.327952377,0.159306992,0.479645213,0.060528207,0.408850832,0.111791944,0.639414445,7.031814209,90.87837838,0.023999214
Lasso Regression,6,DI,0.233571066,0.264035565,0.556333316,0.198383117,0.550288812,0.436646036,0.74181454,7.999717557,85.81081081,0.014000177
Elastic Net,6,DI,0.301998542,0.137507955,0.521183108,0.142983875,0.464586485,0.256930997,0.681605813,7.563906148,87.5,0.013001204
Orthogonal Matching Pursuit,6,DI,0.049635847,0.194863515,0.617333632,0.163243104,0.647671158,0.402505877,0.804780192,8.844678785,80.06756757,0.014002085
k-Nearest Neighbors Regressor,6,DI,0.193347632,0.224915823,0.495435028,0.179311483,0.529825989,0.29501729,0.727891468,7.102102102,86.48648649,0.013003349
Decision Tree Regressor,6,DI,-0.133811528,0.421634356,0.518248588,0.30309624,0.779830508,0.591663915,0.883080126,7.700557701,86.82432432,0.023999929
Random Forest Regressor,6,DI,0.379869575,0.135012204,0.45545339,0.112982064,0.384815945,0.136224244,0.620335349,6.660620442,89.86486486,0.379416227
Extra Trees Regressor,6,DI,0.350188255,0.162493929,0.455054802,0.103323563,0.392774175,0.1069018,0.626716982,6.732122748,89.18918919,0.156501055
Gradient Boosting Regressor,6,DI,0.368034515,0.16926718,0.422235819,0.077271064,0.376114812,0.078000469,0.613282,6.216138034,87.5,1.071132898
AdaBoost Regressor,6,DI,0.223933341,0.217040133,0.547260543,0.127274587,0.476150883,0.165481435,0.690036871,8.151088467,86.14864865,0.127102613
XGBoost Regressor,6,DI,0.324860227,0.145987606,0.466092722,0.109052057,0.414759961,0.129964143,0.644018603,6.811251796,87.5,0.397203684
LightGBM Regressor,6,DI,0.20842542,0.183924824,0.52821327,0.147156403,0.501383688,0.223741622,0.70808452,7.756496308,83.78378378,0.155273914
Linear Regression,5,Tp_h,0.338798194,0.17718456,0.470621486,0.063725765,0.402391426,0.119268415,0.634343303,6.889494235,90.54054054,0.027659416
Ridge Regression,5,Tp_h,0.302075847,0.123566045,0.530150945,0.11479419,0.457063316,0.226641247,0.67606458,7.738286461,87.83783784,0.027002335
Bayesian Ridge,5,Tp_h,0.346675556,0.174086956,0.469488121,0.059306891,0.396034697,0.109857572,0.629312877,6.866338982,90.87837838,0.026002645
Lasso Regression,5,Tp_h,0.233572371,0.26403647,0.556332461,0.19838369,0.550288254,0.436646362,0.741814164,7.999703332,85.81081081,0.025505543
Elastic Net,5,Tp_h,0.305314274,0.139421251,0.51943411,0.144092307,0.463290921,0.258084385,0.680654774,7.532174375,87.5,0.027002096
Orthogonal Matching Pursuit,5,Tp_h,0.049635847,0.194863515,0.617333632,0.163243104,0.647671158,0.402505877,0.804780192,8.844678785,80.06756757,0.014995337
k-Nearest Neighbors Regressor,5,Tp_h,0.17406033,0.194538706,0.519570621,0.214909698,0.556876836,0.330512449,0.746241808,7.591162591,83.78378378,0.025989294
Decision Tree Regressor,5,Tp_h,0.045693708,0.193045695,0.444915254,0.155295309,0.612937853,0.288676815,0.782903476,6.459808022,91.55405405,0.027329206
Random Forest Regressor,5,Tp_h,0.391389076,0.138038825,0.440653955,0.10622844,0.374096049,0.119288893,0.611633918,6.467623874,90.54054054,0.481993437
Extra Trees Regressor,5,Tp_h,0.349073929,0.166846098,0.438877966,0.090789505,0.391070542,0.097415403,0.625356332,6.496199324,89.18918919,0.180035353
Gradient Boosting Regressor,5,Tp_h,0.409850768,0.14805515,0.40222997,0.082150555,0.356648445,0.087255905,0.597200507,5.930580676,87.83783784,1.348353148
AdaBoost Regressor,5,Tp_h,0.250702097,0.215355862,0.541822236,0.119371878,0.452650039,0.139223701,0.672792717,8.153858141,88.51351351,0.111486197
XGBoost Regressor,5,Tp_h,0.393021047,0.12335824,0.445485634,0.115252943,0.37578714,0.123723658,0.613014796,6.55132705,88.51351351,0.201727629
LightGBM Regressor,5,Tp_h,0.279129387,0.133089679,0.500254546,0.151179459,0.467927488,0.230448788,0.684052255,7.320343223,85.47297297,0.09437418
Linear Regression,4,AI,0.346234058,0.175548005,0.470642319,0.06245463,0.398206023,0.118629888,0.631035675,6.878536225,90.87837838,0.013002157
Ridge Regression,4,AI,0.28137591,0.138125434,0.544472854,0.138274996,0.48181828,0.276107098,0.694131313,7.921035251,86.14864865,0.025998831
Bayesian Ridge,4,AI,0.350279149,0.173006025,0.470012801,0.059229704,0.394653831,0.112136537,0.628214797,6.869886235,90.54054054,0.025998116
Lasso Regression,4,AI,0.240443395,0.265483596,0.552676673,0.200396093,0.546750208,0.438206852,0.739425593,7.943504184,85.81081081,0.013395548
Elastic Net,4,AI,0.303597353,0.145620888,0.518485302,0.14967421,0.466089208,0.266835874,0.682707264,7.511878219,86.82432432,0.01437664
Orthogonal Matching Pursuit,4,AI,0.050309719,0.171008962,0.602538426,0.170817868,0.650847843,0.40177344,0.806751413,8.55325931,80.40540541,0.013000011
k-Nearest Neighbors Regressor,4,AI,0.206582628,0.162279424,0.512926554,0.197295689,0.529288136,0.292501763,0.727521914,7.498793436,83.44594595,0.013999462
Decision Tree Regressor,4,AI,0.079271599,0.232613541,0.414293785,0.186070133,0.609096045,0.357741987,0.780446055,5.965116903,91.55405405,0.024001598
Random Forest Regressor,4,AI,0.415027219,0.110888729,0.433967514,0.11769214,0.368057041,0.137587518,0.606677048,6.347125027,90.2027027,0.376003265
Extra Trees Regressor,4,AI,0.373337154,0.131954822,0.438387006,0.105703586,0.385105621,0.117031191,0.620568789,6.477061883,88.51351351,0.145968914
Gradient Boosting Regressor,4,AI,0.340265259,0.181121106,0.411529481,0.081716471,0.392443007,0.077045572,0.626452717,6.021462551,87.83783784,0.803886175
AdaBoost Regressor,4,AI,0.312531807,0.215220536,0.497913976,0.100596351,0.409361926,0.111116947,0.639813978,7.424156376,88.51351351,0.123003006
XGBoost Regressor,4,AI,0.381587863,0.143530647,0.448162485,0.102628267,0.37767205,0.114070718,0.614550283,6.573598051,87.5,0.168800592
LightGBM Regressor,4,AI,0.278193554,0.162297963,0.502404084,0.173434562,0.479260873,0.270022236,0.692286698,7.321646462,83.78378378,0.104579926
Linear Regression,3,Cav,0.064803284,0.254306329,0.596502913,0.183520104,0.617625554,0.367584644,0.785891566,8.648639206,80.74324324,0.023998737
Ridge Regression,3,Cav,0.129171455,0.246486544,0.621289651,0.181261511,0.608424505,0.435908949,0.780015708,9.071348277,84.12162162,0.024000406
Bayesian Ridge,3,Cav,0.073792741,0.250379206,0.597790144,0.182984401,0.615283222,0.374666676,0.784399912,8.671078661,81.41891892,0.015289783
Lasso Regression,3,Cav,0.106546544,0.267483235,0.621991049,0.17425854,0.613995405,0.434546613,0.783578589,9.074090932,83.78378378,0.01300168
Elastic Net,3,Cav,0.105159007,0.260698668,0.611637469,0.176987076,0.612791415,0.425106479,0.782809948,8.90005639,83.44594595,0.013240576
Orthogonal Matching Pursuit,3,Cav,0.053019102,0.348955382,0.619806331,0.171525944,0.626342292,0.418710809,0.7914179,9.037054709,83.10810811,0.013026237
k-Nearest Neighbors Regressor,3,Cav,-0.031030933,0.412361016,0.595378531,0.315281963,0.751862147,0.595177517,0.867099848,8.715009653,78.37837838,0.013030529
Decision Tree Regressor,3,Cav,-0.017507171,0.358595141,0.498022599,0.301241221,0.739265537,0.594853549,0.859805523,7.284293222,88.51351351,0.013993502
Random Forest Regressor,3,Cav,0.319518326,0.165745365,0.504787571,0.197251827,0.475614709,0.32663848,0.68964825,7.335860414,85.13513514,0.390500307
Extra Trees Regressor,3,Cav,0.286434562,0.1062841,0.479487571,0.158150297,0.470532401,0.235297807,0.685953644,7.062432969,87.16216216,0.132873535
Gradient Boosting Regressor,3,Cav,0.207658281,0.186053925,0.501788349,0.221204621,0.54630262,0.356162328,0.739122872,7.417880205,81.08108108,0.716290236
AdaBoost Regressor,3,Cav,0.201051346,0.218026713,0.581227674,0.205458848,0.536170141,0.341781445,0.732236397,8.61708439,85.81081081,0.100967407
XGBoost Regressor,3,Cav,0.293702209,0.151435402,0.492320367,0.177659705,0.478874381,0.297811547,0.692007501,7.147781186,84.45945946,0.171973705
LightGBM Regressor,3,Cav,0.278685385,0.154863776,0.50258231,0.161244118,0.473439481,0.242039228,0.688069387,7.339816032,82.43243243,0.104999065
Linear Regression,2,Dur_UD595,0.057330824,0.307568685,0.623196047,0.172139427,0.626306284,0.404509581,0.791395151,9.116064222,83.78378378,0.024001598
Ridge Regression,2,Dur_UD595,0.11380325,0.251679658,0.63463602,0.174325233,0.613210265,0.431789168,0.783077432,9.31915811,84.7972973,0.026999235
Bayesian Ridge,2,Dur_UD595,0.063488896,0.30080836,0.623671137,0.171678034,0.624170166,0.405969376,0.790044408,9.126804704,83.44594595,0.025001287
Lasso Regression,2,Dur_UD595,0.084154303,0.269590454,0.636374858,0.167175923,0.624428283,0.42985341,0.790207747,9.326223717,84.45945946,0.013005257
Elastic Net,2,Dur_UD595,0.084153121,0.27829707,0.631706014,0.168678709,0.62081578,0.422592141,0.787918638,9.259333453,84.12162162,0.013002157
Orthogonal Matching Pursuit,2,Dur_UD595,0.053019102,0.348955382,0.619806331,0.171525944,0.626342292,0.418710809,0.7914179,9.037054709,83.10810811,0.013011932
k-Nearest Neighbors Regressor,2,Dur_UD595,-0.275857616,0.484928391,0.674587571,0.180096478,0.807446328,0.440574539,0.898580173,9.902938653,80.40540541,0.013009071
Decision Tree Regressor,2,Dur_UD595,-1.062118015,1.005362922,0.72519774,0.223588839,1.223728814,0.507048849,1.106222769,10.39990884,80.40540541,0.013026953
Random Forest Regressor,2,Dur_UD595,-0.126873422,0.383698614,0.620399718,0.186610645,0.720374521,0.391584706,0.848748797,9.058494879,78.71621622,0.369307518
Extra Trees Regressor,2,Dur_UD595,-0.265394264,0.51778188,0.623136158,0.196280279,0.787186371,0.405588882,0.88723524,9.080055502,79.39189189,0.143467426
Gradient Boosting Regressor,2,Dur_UD595,-0.369103371,0.510154754,0.64133954,0.190238932,0.85412719,0.412849484,0.924190019,9.315635443,76.68918919,0.651699066
AdaBoost Regressor,2,Dur_UD595,-0.203359457,0.566507606,0.70132992,0.149949418,0.715359937,0.301265346,0.845789534,10.5435984,81.41891892,0.10097003
XGBoost Regressor,2,Dur_UD595,-0.391413641,0.38415888,0.684271124,0.168359843,0.864030606,0.3535794,0.929532466,10.00841967,72.2972973,0.112624407
LightGBM Regressor,2,Dur_UD595,-0.1281193,0.347008422,0.643301282,0.158642784,0.707591954,0.332258455,0.841184851,9.44409407,78.71621622,0.093998671
Linear Regression,1,A_ms,-0.183414521,0.177260339,0.753504207,0.167601264,0.796122649,0.435471895,0.892257053,11.05181422,80.40540541,0.012999773
Ridge Regression,1,A_ms,-0.170592114,0.166385163,0.750171059,0.164985393,0.788114962,0.43679504,0.887758392,10.99126052,82.09459459,0.014000654
Bayesian Ridge,1,A_ms,-0.194818842,0.160283988,0.757378056,0.163853063,0.802748547,0.432455322,0.895962358,11.1104622,80.40540541,0.026998997
Lasso Regression,1,A_ms,-0.187727341,0.162339609,0.755219238,0.159700248,0.797946765,0.439416799,0.89327866,11.06045662,82.43243243,0.014009953
Elastic Net,1,A_ms,-0.184867449,0.158467025,0.754677518,0.162453178,0.796734196,0.435494446,0.892599684,11.06037395,82.09459459,0.012996674
Orthogonal Matching Pursuit,1,A_ms,-0.183414521,0.177260339,0.753504207,0.167601264,0.796122649,0.435471895,0.892257053,11.05181422,80.40540541,0.01300478
k-Nearest Neighbors Regressor,1,A_ms,-0.432736709,0.208158102,0.763785311,0.170320047,0.925317514,0.419113437,0.961934257,11.2367278,72.97297297,0.024060965
Decision Tree Regressor,1,A_ms,-1.460586737,0.853216208,0.795988701,0.206417237,1.483446328,0.501556185,1.217968114,11.59105534,75,0.013026237
Random Forest Regressor,1,A_ms,-0.756456631,0.399242322,0.771261299,0.178921983,1.100312182,0.422222421,1.048957665,11.29317487,70.94594595,0.375847816
Extra Trees Regressor,1,A_ms,-1.045926954,0.493767627,0.780870882,0.17196623,1.255795591,0.407002743,1.120622859,11.40353519,70.27027027,0.144995213
Gradient Boosting Regressor,1,A_ms,-1.045350305,0.562142037,0.793790167,0.194615373,1.265147033,0.473384784,1.12478755,11.59028395,69.93243243,0.487508535
AdaBoost Regressor,1,A_ms,-0.397356696,0.278645289,0.812507061,0.147423011,0.871588534,0.316051171,0.933589061,12.25921863,72.2972973,0.046030998
XGBoost Regressor,1,A_ms,-0.953707886,0.441600951,0.792841719,0.138627143,1.189483103,0.336501553,1.090634267,11.59094959,70.27027027,0.10297966
LightGBM Regressor,1,A_ms,-0.300844051,0.13908414,0.753941729,0.153579028,0.850088508,0.397328389,0.922002445,11.06712062,74.66216216,0.103996992
